customer_id,gender,age_group,married,kids_under12,area
C5001,1,5,1,0,2
C5002,0,2,0,0,1
C5003,1,3,1,1,3
C5004,1,2,1,0,3
C5005,1,3,1,0,6
C5006,1,4,0,0,1
C5007,1,3,1,0,5
C5008,0,3,1,1,1
C5009,0,3,1,1,7
C5010,0,3,1,0,8
C5011,1,5,0,0,2
C5012,1,3,1,1,4
C5013,1,4,1,1,7
C5014,0,4,1,1,3
C5015,0,3,0,0,6
C5016,0,4,1,1,8
C5017,1,3,1,0,5
C5018,1,2,0,0,8
C5019,1,6,0,0,8
C5020,0,3,0,0,4
C5021,0,3,1,1,1
C5022,0,5,1,1,8
C5023,1,1,0,0,4
C5024,1,4,1,1,3
C5025,0,2,0,0,9
C5026,0,4,0,0,7
C5027,1,5,1,0,2
C5028,0,3,1,1,1
C5029,1,6,1,0,10
C5030,1,5,1,0,7
C5031,1,2,1,1,6
C5032,0,3,0,0,1
C5033,0,5,1,0,8
C5034,0,3,1,1,5
C5035,1,4,1,1,3
C5036,0,3,1,1,2
C5037,0,4,1,1,3
C5038,1,4,0,0,7
C5039,0,3,1,1,2
C5040,0,2,1,0,1
C5041,1,2,1,0,1
C5042,1,2,1,0,2
C5043,0,2,1,0,4
C5044,1,5,1,0,6
C5045,0,3,1,1,7
C5046,0,4,0,0,1
C5047,0,4,1,0,2
C5048,0,3,1,0,7
C5049,0,2,1,1,7
C5050,0,5,1,0,5
C5051,1,2,0,0,2
C5052,0,2,0,0,5
C5053,0,2,1,0,2
C5054,1,2,1,0,2
C5055,1,2,1,1,4
C5056,1,3,1,1,3
C5057,1,4,1,0,8
C5058,0,2,1,1,1
C5059,1,6,0,0,2
C5060,1,3,0,0,1
C5061,0,3,1,1,1
C5062,1,4,1,1,6
C5063,0,2,0,0,3
C5064,1,5,1,0,7
C5065,0,4,1,1,2
C5066,1,5,0,0,1
C5067,0,3,0,0,5
C5068,1,4,1,1,8
C5069,1,2,1,1,6
C5070,1,4,1,1,9
C5071,0,2,0,0,2
C5072,0,2,0,0,10
C5073,1,3,1,0,3
C5074,0,3,1,1,4
C5075,1,3,0,0,5
C5076,1,3,1,1,4
C5077,0,2,0,0,2
C5078,1,3,1,0,4
C5079,0,2,0,0,6
C5080,0,5,1,1,3
C5081,1,3,1,1,7
C5082,0,2,0,0,1
C5083,0,2,1,0,2
C5084,1,2,0,0,3
C5085,1,2,0,0,9
C5086,0,4,1,1,2
C5087,1,3,1,0,9
C5088,1,2,1,1,5
C5089,0,5,1,0,6
C5090,1,3,1,1,3
C5091,1,4,1,1,2
C5092,1,2,0,0,10
C5093,0,3,1,1,5
C5094,0,4,1,1,1
C5095,0,5,1,0,10
C5096,1,4,0,0,2
C5097,0,2,0,0,6
C5098,0,5,1,0,7
C5099,0,3,1,0,2
C5100,0,2,1,1,2
C5101,1,5,1,1,5
C5102,1,4,1,0,3
C5103,0,4,1,1,7
C5104,1,2,1,1,2
C5105,0,2,0,0,4
C5106,0,5,0,0,2
C5107,0,3,0,0,1
C5108,1,4,1,1,1
C5109,0,5,1,0,1
C5110,0,4,1,0,4
C5111,1,3,1,1,7
C5112,1,2,1,0,5
C5113,1,3,1,0,2
C5114,1,4,1,1,3
C5115,0,3,1,0,10
C5116,0,5,1,0,7
C5117,1,1,0,0,1
C5118,1,2,1,1,6
C5119,0,4,1,0,1
C5120,1,2,0,0,9
C5121,1,5,0,0,1
C5122,0,4,1,1,5
C5123,0,4,1,1,2
C5124,1,2,1,1,2
C5125,0,5,1,0,2
C5126,1,4,0,0,7
C5127,0,1,0,0,9
C5128,1,2,0,0,10
C5129,1,5,1,0,6
C5130,1,4,1,1,2
C5131,1,2,0,0,2
C5132,1,5,1,0,3
C5133,0,2,1,1,1
C5134,0,3,1,0,7
C5135,0,5,1,1,2
C5136,0,5,1,1,1
C5137,0,3,1,0,9
C5138,1,2,1,0,9
C5139,1,4,0,0,1
C5140,0,2,0,0,8
C5141,1,3,1,1,4
C5142,1,4,1,1,5
C5143,1,4,1,1,10
C5144,1,4,1,1,3
C5145,0,2,0,0,5
C5146,1,2,0,0,6
C5147,0,3,0,0,1
C5148,0,3,1,1,5
C5149,1,3,0,0,5
C5150,1,2,1,0,1
C5151,0,5,1,0,8
C5152,0,4,1,1,4
C5153,1,2,1,0,5
C5154,0,5,1,1,9
C5155,1,3,1,1,1
C5156,1,3,0,0,7
C5157,1,3,0,0,4
C5158,0,3,0,0,1
C5159,1,4,0,0,1
C5160,1,2,1,0,1
C5161,1,4,1,1,3
C5162,1,5,0,0,8
C5163,0,2,0,0,10
C5164,1,3,0,0,1
C5165,0,4,1,1,3
C5166,1,2,1,0,9
C5167,1,5,1,0,3
C5168,1,2,1,1,7
C5169,0,4,0,0,10
C5170,0,3,1,1,2
C5171,1,2,0,0,8
C5172,0,3,0,0,8
C5173,1,1,0,0,7
C5174,0,2,0,0,2
C5175,1,4,1,1,2
C5176,1,5,1,1,2
C5177,1,3,1,1,10
C5178,1,4,1,1,3
C5179,1,5,0,0,5
C5180,0,5,1,0,1
C5181,0,2,1,1,1
C5182,1,2,0,0,5
C5183,1,3,1,1,4
C5184,0,2,0,0,6
C5185,0,3,1,1,3
C5186,1,2,1,0,9
C5187,0,2,0,0,1
C5188,0,4,1,1,6
C5189,1,6,1,0,2
C5190,0,3,0,0,9
C5191,1,2,0,0,3
C5192,0,2,1,0,6
C5193,1,4,1,1,4
C5194,0,5,1,0,7
C5195,0,3,0,0,2
C5196,1,4,0,0,5
C5197,1,5,1,0,3
C5198,0,3,0,0,10
C5199,0,2,0,0,4
C5200,1,3,1,1,2
C5201,0,4,1,0,6
C5202,0,2,1,0,6
C5203,1,3,0,0,9
C5204,0,2,0,0,3
C5205,1,4,1,1,8
C5206,0,4,1,0,8
C5207,1,2,0,0,1
C5208,0,3,1,1,1
C5209,1,6,0,0,2
C5210,0,2,1,1,1
C5211,0,2,1,0,1
C5212,0,3,1,0,1
C5213,0,3,0,0,6
C5214,0,2,1,1,3
C5215,1,3,1,0,2
C5216,0,4,0,0,2
C5217,0,4,1,0,2
C5218,1,5,1,1,2
C5219,1,2,0,0,2
C5220,0,4,1,1,7
C5221,1,2,1,1,6
C5222,1,2,1,0,4
C5223,1,4,1,1,6
C5224,0,2,1,0,6
C5225,1,4,0,0,5
C5226,1,5,1,1,2
C5227,1,4,1,0,6
C5228,1,3,1,1,2
C5229,0,4,1,1,7
C5230,1,2,0,0,4
C5231,1,2,1,1,2
C5232,0,4,0,0,3
C5233,0,3,1,1,2
C5234,0,5,1,1,4
C5235,1,5,1,0,3
C5236,0,2,0,0,5
C5237,0,3,1,1,2
C5238,1,3,1,0,2
C5239,0,5,1,0,2
C5240,0,3,1,1,6
C5241,1,3,1,1,2
C5242,0,5,1,0,2
C5243,0,3,0,0,1
C5244,1,2,0,0,3
C5245,1,4,1,0,2
C5246,0,4,1,0,6
C5247,1,3,0,0,6
C5248,1,2,1,1,3
C5249,1,2,1,1,2
C5250,1,2,0,0,7
C5251,0,2,1,0,9
C5252,0,5,0,0,1
C5253,0,3,1,0,10
C5254,0,5,1,0,10
C5255,1,3,0,0,1
C5256,0,4,0,0,1
C5257,1,3,1,0,1
C5258,0,5,0,0,4
C5259,1,3,1,1,1
C5260,1,2,1,0,6
C5261,0,2,0,0,3
C5262,0,2,0,0,5
C5263,0,4,1,1,2
C5264,1,4,1,1,2
C5265,0,5,1,1,1
C5266,0,2,1,1,10
C5267,0,5,1,0,9
C5268,1,3,0,0,4
C5269,0,3,1,1,4
C5270,0,3,0,0,2
C5271,1,2,1,0,1
C5272,0,5,1,0,8
C5273,1,5,1,1,10
C5274,0,2,0,0,1
C5275,1,3,1,0,5
C5276,1,2,0,0,3
C5277,0,5,1,0,2
C5278,1,3,1,1,1
C5279,0,6,0,0,4
C5280,1,3,1,1,1
C5281,0,3,1,1,2
C5282,0,2,1,0,6
C5283,0,2,1,0,2
C5284,1,3,0,0,2
C5285,1,3,1,0,1
C5286,0,3,0,0,9
C5287,1,2,0,0,4
C5288,1,3,1,1,3
C5289,0,6,0,0,3
C5290,1,5,1,0,4
C5291,0,3,1,1,6
C5292,1,1,0,0,1
C5293,1,2,1,0,3
C5294,0,5,0,0,4
C5295,1,5,1,0,8
C5296,1,2,1,1,4
C5297,0,5,1,0,2
C5298,1,3,1,0,5
C5299,1,4,1,1,8
C5300,1,2,0,0,1
C5301,1,5,1,0,5
C5302,1,4,0,1,2
C5303,1,2,0,0,4
C5304,0,5,1,0,6
C5305,0,2,0,0,8
C5306,0,5,1,0,6
C5307,0,4,1,1,5
C5308,1,3,0,0,5
C5309,0,4,1,1,7
C5310,1,3,1,0,1
C5311,1,2,0,0,4
C5312,1,5,1,0,10
C5313,0,2,0,0,1
C5314,1,3,1,1,1
C5315,1,3,1,0,1
C5316,0,3,0,0,6
C5317,0,4,1,1,2
C5318,1,3,0,0,4
C5319,1,5,1,1,1
C5320,1,1,0,0,1
C5321,1,2,0,0,8
C5322,0,2,0,0,1
C5323,0,3,0,0,1
C5324,0,5,0,0,1
C5325,0,5,1,0,4
C5326,1,5,1,1,2
C5327,0,4,0,0,6
C5328,1,5,1,0,9
C5329,1,6,0,0,5
C5330,0,2,1,0,2
C5331,1,2,1,0,4
C5332,1,3,1,0,4
C5333,0,2,0,0,1
C5334,0,2,1,1,6
C5335,1,4,1,1,4
C5336,1,4,1,0,2
C5337,0,2,0,0,2
C5338,0,3,0,0,3
C5339,1,5,1,0,6
C5340,0,2,1,1,2
C5341,1,4,0,0,10
C5342,0,2,1,0,7
C5343,1,2,0,0,1
C5344,0,3,0,0,2
C5345,1,2,0,0,5
C5346,0,4,0,0,9
C5347,0,3,0,0,6
C5348,0,5,1,1,4
C5349,1,3,1,1,4
C5350,0,5,1,1,4
C5351,0,5,1,1,2
C5352,0,4,0,0,10
C5353,1,5,1,0,5
C5354,1,4,1,0,9
C5355,1,3,1,0,2
C5356,0,4,0,0,4
C5357,1,3,1,1,1
C5358,0,2,0,0,10
C5359,0,4,1,1,2
C5360,1,2,0,0,9
C5361,1,3,1,0,8
C5362,0,2,0,0,4
C5363,0,2,1,1,2
C5364,1,4,1,1,1
C5365,0,3,1,0,1
C5366,0,4,1,1,7
C5367,1,4,1,1,4
C5368,1,4,1,1,4
C5369,1,4,0,0,10
C5370,1,4,1,1,1
C5371,1,4,1,1,6
C5372,0,2,0,0,3
C5373,0,5,0,0,10
C5374,1,3,0,0,5
C5375,1,3,1,0,6
C5376,0,2,0,0,6
C5377,1,4,1,1,5
C5378,0,5,1,0,4
C5379,1,6,1,0,10
C5380,1,2,1,0,2
C5381,1,2,1,1,2
C5382,0,4,1,0,4
C5383,0,2,1,0,4
C5384,0,5,1,0,2
C5385,0,3,0,0,4
C5386,0,4,1,1,4
C5387,1,3,0,0,10
C5388,0,3,0,0,2
C5389,0,2,0,0,1
C5390,0,2,0,0,4
C5391,0,4,1,1,4
C5392,0,4,1,0,7
C5393,0,5,1,1,3
C5394,1,5,1,0,10
C5395,1,2,1,1,1
C5396,1,5,1,1,1
C5397,0,5,0,0,4
C5398,0,3,0,0,10
C5399,0,6,0,0,10
C5400,1,2,1,0,6
C5401,1,5,1,0,9
C5402,1,4,0,0,1
C5403,0,1,0,0,7
C5404,0,3,0,0,6
C5405,1,2,1,1,3
C5406,0,2,0,0,1
C5407,1,4,1,1,2
C5408,0,2,0,0,4
C5409,0,6,1,0,3
C5410,0,2,1,1,7
C5411,0,2,0,0,9
C5412,1,4,0,0,3
C5413,0,2,0,0,9
C5414,1,5,1,1,5
C5415,0,3,0,0,5
C5416,1,4,0,0,1
C5417,1,2,0,0,2
C5418,1,2,0,0,10
C5419,0,2,0,0,9
C5420,1,2,0,0,5
C5421,1,4,1,1,2
C5422,0,4,1,1,8
C5423,0,3,1,1,8
C5424,0,2,0,0,10
C5425,1,1,0,0,7
C5426,1,4,1,0,1
C5427,1,3,0,0,2
C5428,0,3,1,1,4
C5429,0,6,0,0,1
C5430,1,3,0,0,2
C5431,0,4,1,0,1
C5432,1,3,1,1,8
C5433,0,3,0,0,1
C5434,1,3,1,1,1
C5435,1,3,1,1,3
C5436,1,4,1,1,6
C5437,0,3,0,0,4
C5438,0,2,1,1,1
C5439,0,3,0,0,2
C5440,1,5,1,0,1
C5441,0,2,0,0,10
C5442,0,5,1,0,9
C5443,1,4,1,0,8
C5444,0,2,0,0,1
C5445,1,3,1,1,1
C5446,1,2,1,1,2
C5447,0,5,1,0,10
C5448,1,3,1,1,2
C5449,1,3,1,1,2
C5450,0,2,1,0,3
C5451,0,2,0,0,10
C5452,0,1,0,0,9
C5453,1,3,1,1,3
C5454,1,2,1,0,2
C5455,0,3,1,0,8
C5456,0,3,1,1,7
C5457,1,5,1,0,1
C5458,1,3,0,0,4
C5459,1,5,1,0,6
C5460,0,5,1,0,1
C5461,1,3,1,1,1
C5462,0,4,1,0,1
C5463,0,2,0,0,5
C5464,1,4,1,1,1
C5465,1,5,1,0,3
C5466,0,5,0,0,5
C5467,0,5,1,0,7
C5468,0,4,1,1,4
C5469,1,2,0,0,1
C5470,1,3,1,1,3
C5471,1,5,0,0,1
C5472,1,4,1,1,3
C5473,0,2,0,0,1
C5474,1,2,0,0,5
C5475,1,3,1,0,8
C5476,0,2,0,0,1
C5477,1,2,1,1,5
C5478,0,2,0,0,2
C5479,0,2,1,0,1
C5480,0,3,1,1,1
C5481,1,1,0,0,2
C5482,0,2,0,0,6
C5483,0,4,1,1,1
C5484,0,4,1,1,2
C5485,1,2,0,0,1
C5486,1,2,1,1,7
C5487,0,2,0,0,6
C5488,1,5,1,0,1
C5489,1,3,1,0,10
C5490,1,3,1,1,4
C5491,0,5,1,0,5
C5492,1,2,0,0,3
C5493,0,3,1,0,1
C5494,0,2,0,0,3
C5495,0,2,1,1,6
C5496,1,4,1,0,4
C5497,0,4,1,1,2
C5498,1,2,1,0,6
C5499,0,5,0,0,9
C5500,0,4,1,1,6
C5501,0,3,0,0,10
C5502,0,4,0,0,1
C5503,1,4,1,0,8
C5504,1,2,0,0,1
C5505,1,3,1,1,1
C5506,1,3,1,0,8
C5507,0,2,0,0,6
C5508,0,4,1,0,5
C5509,1,3,1,1,4
C5510,0,4,1,0,5
C5511,0,5,1,0,5
C5512,1,3,1,1,6
C5513,1,3,1,0,7
C5514,0,3,0,0,3
C5515,1,2,0,0,1
C5516,0,4,0,0,8
C5517,0,3,0,0,3
C5518,1,4,0,0,10
C5519,0,6,1,0,5
C5520,1,5,1,0,2
C5521,0,2,0,0,3
C5522,1,3,1,0,7
C5523,0,2,0,0,10
C5524,0,2,0,0,5
C5525,0,2,0,0,7
C5526,0,4,1,0,7
C5527,0,3,1,1,1
C5528,1,3,1,0,5
C5529,0,3,1,0,7
C5530,0,4,1,1,6
C5531,1,2,1,1,4
C5532,0,3,1,0,3
C5533,0,4,0,0,10
C5534,0,2,1,1,9
C5535,0,5,1,1,4
C5536,0,4,1,0,1
C5537,0,5,0,0,4
C5538,1,5,1,0,3
C5539,1,3,0,0,8
C5540,1,5,1,0,2
C5541,1,5,1,0,8
C5542,1,5,1,0,8
C5543,1,2,1,1,5
C5544,0,3,0,0,8
C5545,1,2,1,1,3
C5546,1,4,0,0,1
C5547,1,4,1,1,1
C5548,0,3,0,0,1
C5549,1,5,1,1,8
C5550,0,2,0,0,1
C5551,0,5,1,1,2
C5552,1,5,1,1,8
C5553,0,3,1,1,2
C5554,0,2,1,1,2
C5555,0,5,1,0,3
C5556,1,4,1,1,8
C5557,0,4,1,0,5
C5558,1,3,1,0,2
C5559,1,4,1,1,3
C5560,0,2,0,0,1
C5561,0,4,1,1,3
C5562,0,2,1,0,5
C5563,1,5,0,0,9
C5564,0,2,1,0,2
C5565,1,5,1,1,2
C5566,0,4,0,0,1
C5567,0,2,0,0,4
C5568,1,5,1,0,10
C5569,0,4,1,1,3
C5570,0,2,0,0,4
C5571,0,5,0,0,3
C5572,0,4,1,1,4
C5573,0,5,1,1,1
C5574,0,5,1,0,3
C5575,0,5,1,1,1
C5576,1,4,1,0,2
C5577,1,3,1,0,9
C5578,1,5,1,0,7
C5579,1,5,0,0,5
C5580,1,5,1,1,2
C5581,0,3,1,0,5
C5582,1,3,1,0,3
C5583,1,5,1,0,2
C5584,1,2,1,1,3
C5585,1,3,0,0,6
C5586,0,3,1,1,2
C5587,1,3,0,0,5
C5588,1,2,1,1,1
C5589,0,2,0,0,5
C5590,0,3,0,0,1
C5591,1,3,0,0,4
C5592,0,2,0,0,6
C5593,0,3,1,0,2
C5594,0,4,1,1,4
C5595,0,3,0,0,1
C5596,1,5,0,0,6
C5597,1,4,0,0,4
C5598,0,4,1,1,7
C5599,1,6,1,0,2
C5600,1,2,1,0,2
C5601,1,3,1,1,9
C5602,0,2,1,1,1
C5603,1,2,1,1,7
C5604,0,5,0,0,6
C5605,1,4,1,0,7
C5606,0,4,1,0,3
C5607,0,3,1,1,3
C5608,1,2,0,0,3
C5609,1,2,0,0,1
C5610,1,5,1,1,2
C5611,0,2,0,0,9
C5612,1,5,1,1,1
C5613,1,5,1,1,10
C5614,0,3,1,1,2
C5615,0,4,1,0,3
C5616,0,2,1,1,2
C5617,1,5,1,0,9
C5618,1,2,0,0,2
C5619,1,2,1,1,1
C5620,0,5,1,0,2
C5621,1,2,0,0,3
C5622,1,3,1,1,7
C5623,0,2,1,0,4
C5624,1,2,1,1,7
C5625,1,5,1,0,2
C5626,0,5,0,0,3
C5627,1,5,1,1,2
C5628,1,2,1,0,4
C5629,0,5,1,1,2
C5630,0,4,1,1,1
C5631,0,2,0,0,2
C5632,1,2,0,0,1
C5633,1,4,1,1,2
C5634,0,2,0,0,5
C5635,1,3,0,0,1
C5636,1,5,1,1,5
C5637,1,1,0,0,8
C5638,1,3,1,0,5
C5639,0,5,1,0,3
C5640,0,3,1,1,4
C5641,0,4,1,1,3
C5642,1,3,1,0,10
C5643,0,4,0,0,3
C5644,1,4,1,0,8
C5645,0,4,1,0,2
C5646,1,4,1,1,10
C5647,0,4,0,0,8
C5648,0,3,1,0,7
C5649,1,6,1,0,6
C5650,1,5,0,0,3
C5651,0,4,1,1,8
C5652,1,3,0,0,8
C5653,0,2,1,1,2
C5654,0,3,1,0,3
C5655,0,3,1,1,1
C5656,0,4,1,0,5
C5657,1,3,1,1,6
C5658,1,5,0,0,10
C5659,1,6,1,0,10
C5660,0,2,0,0,3
C5661,0,4,1,1,3
C5662,0,4,1,0,8
C5663,1,4,1,1,2
C5664,0,2,0,0,4
C5665,0,5,1,0,4
C5666,0,4,0,0,1
C5667,0,3,0,0,9
C5668,0,4,0,0,4
C5669,0,4,1,1,2
C5670,0,4,1,0,1
C5671,1,2,1,0,4
C5672,1,3,1,1,1
C5673,0,2,0,0,6
C5674,1,2,0,0,7
C5675,0,5,1,0,6
C5676,0,4,1,1,3
C5677,1,3,0,0,2
C5678,1,3,1,1,8
C5679,1,3,1,1,6
C5680,0,3,1,0,2
C5681,1,2,1,1,4
C5682,0,2,0,0,2
C5683,0,4,1,1,2
C5684,1,5,1,1,5
C5685,1,5,1,0,6
C5686,1,3,1,1,2
C5687,0,3,0,0,10
C5688,1,5,1,0,6
C5689,0,3,1,1,8
C5690,0,2,1,0,1
C5691,1,3,1,1,2
C5692,1,3,1,1,1
C5693,0,5,1,1,8
C5694,1,4,1,1,6
C5695,1,5,1,0,1
C5696,1,3,1,1,2
C5697,0,3,0,0,10
C5698,1,4,1,1,1
C5699,1,6,0,0,4
C5700,0,3,0,0,1
C5701,1,5,0,0,2
C5702,0,3,1,0,10
C5703,0,2,0,0,5
C5704,0,2,1,1,2
C5705,1,4,1,0,6
C5706,0,2,0,0,1
C5707,0,3,1,1,8
C5708,1,2,0,0,8
C5709,0,2,0,0,4
C5710,0,2,1,0,3
C5711,1,3,1,1,1
C5712,0,5,1,0,3
C5713,0,4,1,1,5
C5714,1,2,1,0,9
C5715,1,3,1,1,10
C5716,1,5,1,1,6
C5717,1,4,1,0,7
C5718,0,3,1,1,8
C5719,0,5,1,1,3
C5720,1,2,0,0,3
C5721,0,4,1,1,6
C5722,0,1,0,0,6
C5723,0,4,1,1,4
C5724,1,3,0,1,9
C5725,1,3,1,1,4
C5726,1,5,1,0,7
C5727,0,4,1,1,3
C5728,0,4,1,1,6
C5729,0,3,1,1,6
C5730,1,3,1,0,2
C5731,0,5,0,0,9
C5732,0,5,0,0,1
C5733,0,5,1,0,2
C5734,1,2,1,1,4
C5735,1,5,1,0,10
C5736,1,3,1,1,2
C5737,1,2,0,0,5
C5738,1,3,1,0,5
C5739,0,2,0,0,7
C5740,0,4,1,1,2
C5741,0,2,0,0,4
C5742,1,2,1,0,9
C5743,0,4,1,1,2
C5744,1,2,0,0,2
C5745,1,3,1,1,2
C5746,1,2,0,0,5
C5747,0,3,1,0,1
C5748,0,2,1,1,8
C5749,1,6,0,0,2
C5750,1,2,1,0,6
C5751,0,2,1,0,6
C5752,0,2,1,0,2
C5753,1,2,1,0,7
C5754,0,3,0,0,5
C5755,1,2,0,0,7
C5756,0,4,1,0,3
C5757,1,3,1,0,1
C5758,1,2,0,0,3
C5759,0,6,0,0,2
C5760,0,2,1,0,2
C5761,1,2,0,0,7
C5762,0,2,0,0,2
C5763,0,3,1,0,1
C5764,1,3,1,0,4
C5765,0,3,0,0,2
C5766,1,3,1,1,8
C5767,0,4,1,1,3
C5768,1,4,1,1,2
C5769,0,6,0,0,4
C5770,0,2,0,0,1
C5771,0,2,1,0,5
C5772,1,3,1,1,4
C5773,0,3,1,0,7
C5774,0,4,1,0,2
C5775,1,3,0,0,10
C5776,0,3,0,0,9
C5777,1,4,0,0,7
C5778,1,2,1,1,9
C5779,0,1,0,0,7
C5780,0,4,1,0,1
C5781,1,4,1,1,3
C5782,0,2,1,1,4
C5783,0,4,1,1,2
C5784,1,4,1,1,1
C5785,0,2,0,0,2
C5786,0,2,1,1,6
C5787,0,4,0,0,1
C5788,1,3,0,0,1
C5789,0,3,0,0,6
C5790,1,2,0,0,1
C5791,0,5,1,0,10
C5792,0,4,1,1,2
C5793,0,3,1,0,10
C5794,0,4,1,0,3
C5795,1,3,1,0,7
C5796,0,5,1,0,1
C5797,1,2,0,0,3
C5798,1,3,1,0,1
C5799,1,6,0,0,2
C5800,0,2,1,0,4
C5801,0,3,0,0,3
C5802,0,2,0,0,7
C5803,1,2,0,0,5
C5804,1,2,1,0,6
C5805,0,3,1,0,2
C5806,1,4,1,1,4
C5807,1,3,0,0,3
C5808,1,5,1,0,10
C5809,1,3,1,1,6
C5810,0,2,1,0,1
C5811,0,2,1,0,8
C5812,0,2,0,0,1
C5813,1,3,0,0,9
C5814,0,3,1,1,9
C5815,1,4,1,0,3
C5816,0,2,1,1,6
C5817,1,4,1,0,1
C5818,1,2,0,0,4
C5819,1,5,1,0,2
C5820,1,3,1,1,2
C5821,0,2,1,1,2
C5822,0,2,0,0,6
C5823,0,2,1,1,2
C5824,1,3,1,1,4
C5825,1,5,0,0,4
C5826,0,4,0,0,1
C5827,1,3,0,0,7
C5828,0,3,0,0,4
C5829,0,4,1,1,10
C5830,0,3,1,1,5
C5831,0,4,1,1,2
C5832,0,2,1,1,6
C5833,0,2,0,0,1
C5834,1,2,1,1,2
C5835,0,3,1,1,2
C5836,1,4,1,0,1
C5837,1,5,1,0,10
C5838,0,4,1,1,2
C5839,0,3,0,0,5
C5840,1,2,1,0,5
C5841,1,5,0,0,1
C5842,0,5,1,1,3
C5843,1,2,1,0,5
C5844,0,2,0,0,3
C5845,1,4,1,1,7
C5846,1,2,0,0,8
C5847,1,2,1,1,9
C5848,1,3,0,0,6
C5849,0,6,1,0,1
C5850,0,2,0,0,10
C5851,0,2,0,0,1
C5852,1,4,1,0,6
C5853,1,5,1,1,2
C5854,0,5,1,0,4
C5855,0,5,1,0,2
C5856,1,4,1,1,10
C5857,1,4,0,0,1
C5858,0,2,1,1,5
C5859,1,5,0,0,5
C5860,0,4,1,1,5
C5861,1,2,0,0,1
C5862,0,4,1,0,1
C5863,0,2,0,0,5
C5864,0,2,1,0,7
C5865,1,5,1,0,1
C5866,0,4,1,0,3
C5867,0,3,0,0,4
C5868,0,4,1,0,10
C5869,0,6,0,0,5
C5870,0,4,1,1,4
C5871,0,5,1,0,3
C5872,0,4,1,0,10
C5873,1,2,0,0,4
C5874,0,3,1,0,7
C5875,1,4,1,0,6
C5876,0,3,0,0,6
C5877,1,4,1,1,3
C5878,1,3,0,0,4
C5879,0,5,1,0,2
C5880,1,2,1,0,2
C5881,1,3,0,0,1
C5882,1,5,1,1,4
C5883,0,5,0,0,2
C5884,1,2,0,0,3
C5885,0,4,1,1,8
C5886,0,4,1,1,5
C5887,1,3,0,0,5
C5888,0,3,1,0,2
C5889,0,6,0,0,1
C5890,0,3,1,1,5
C5891,1,4,1,1,9
C5892,0,3,1,1,1
C5893,0,3,1,1,7
C5894,1,4,0,0,6
C5895,0,4,1,0,2
C5896,1,4,0,0,3
C5897,0,5,1,1,7
C5898,0,2,1,1,2
C5899,0,3,1,0,1
C5900,0,2,1,0,2
C5901,1,4,1,1,2
C5902,1,2,1,0,4
C5903,0,2,0,0,8
C5904,0,5,1,0,7
C5905,1,4,1,1,7
C5906,1,4,1,0,2
C5907,1,1,0,0,1
C5908,0,2,1,1,3
C5909,1,4,0,0,8
C5910,1,2,1,1,3
C5911,0,2,1,0,3
C5912,1,4,0,0,2
C5913,0,2,0,0,1
C5914,0,2,0,0,2
C5915,0,4,1,0,5
C5916,1,4,1,1,9
C5917,0,4,1,1,4
C5918,0,4,1,1,6
C5919,0,6,1,0,8
C5920,1,2,0,0,2
C5921,0,2,1,0,2
C5922,1,2,1,1,6
C5923,1,4,1,1,1
C5924,0,1,0,0,5
C5925,1,5,1,1,1
C5926,0,5,1,1,2
C5927,0,4,1,0,7
C5928,0,5,1,1,4
C5929,1,6,1,0,9
C5930,0,2,1,0,3
C5931,1,2,0,0,9
C5932,1,2,0,0,9
C5933,0,2,0,0,4
C5934,1,3,1,1,10
C5935,1,2,1,0,5
C5936,0,4,0,0,9
C5937,1,4,1,1,3
C5938,0,3,1,0,2
C5939,0,6,1,0,1
C5940,1,2,1,0,3
C5941,0,5,0,0,1
C5942,0,3,1,1,1
C5943,0,2,1,1,7
C5944,0,5,1,1,2
C5945,1,2,1,1,2
C5946,1,4,0,0,2
C5947,1,4,1,1,6
C5948,0,3,0,0,1
C5949,0,2,1,0,10
C5950,0,3,1,1,4
C5951,1,2,1,0,1
C5952,0,5,1,1,9
C5953,1,2,0,0,10
C5954,0,2,1,1,10
C5955,0,4,0,0,3
C5956,0,2,1,1,6
C5957,1,5,1,0,6
C5958,0,3,0,0,9
C5959,1,6,0,0,7
C5960,1,5,1,0,6
C5961,0,4,1,0,1
C5962,1,2,1,1,1
C5963,0,2,0,0,1
C5964,1,3,0,0,1
C5965,1,5,1,0,1
C5966,1,3,1,1,9
C5967,0,3,1,1,9
C5968,0,3,1,0,3
C5969,1,6,0,0,5
C5970,0,3,0,0,2
C5971,1,5,1,0,8
C5972,1,4,1,1,1
C5973,0,3,1,1,3
C5974,0,2,0,0,9
C5975,0,3,0,0,9
C5976,0,2,0,0,1
C5977,0,2,1,1,1
C5978,1,2,1,0,3
C5979,1,2,1,1,6
C5980,1,3,1,1,2
C5981,1,2,0,0,1
C5982,0,1,0,0,2
C5983,1,3,1,1,10
C5984,1,2,1,1,4
C5985,1,3,0,0,3
C5986,1,3,1,0,3
C5987,1,3,0,0,3
C5988,1,4,1,1,7
C5989,1,5,1,0,1
C5990,0,2,1,1,1
C5991,1,2,1,1,1
C5992,1,3,1,0,6
C5993,0,4,1,0,6
C5994,1,4,1,1,1
C5995,0,3,0,0,9
C5996,0,5,1,0,2
C5997,0,5,0,0,3
C5998,0,2,0,0,1
C5999,1,6,1,0,5
C6000,1,3,0,1,1
C6001,1,2,1,0,10
C6002,0,4,1,1,6
C6003,0,2,1,0,3
C6004,1,2,0,0,1
C6005,0,3,1,1,7
C6006,1,5,0,0,5
C6007,0,2,1,1,1
C6008,0,4,1,1,3
C6009,0,4,1,0,3
C6010,1,2,1,1,3
C6011,0,2,1,0,3
C6012,0,3,1,1,2
C6013,1,4,1,1,8
C6014,1,2,0,0,8
C6015,0,5,1,1,4
C6016,0,2,1,1,3
C6017,1,3,1,0,1
C6018,1,3,1,1,8
C6019,0,6,0,0,3
C6020,1,3,0,0,2
C6021,0,3,0,0,2
C6022,1,2,0,0,7
C6023,0,5,0,0,5
C6024,0,2,0,0,3
C6025,0,1,0,0,4
C6026,0,4,0,0,9
C6027,0,5,1,1,9
C6028,0,3,1,0,1
C6029,1,4,0,1,1
C6030,1,2,1,1,3
C6031,0,4,1,1,1
C6032,1,2,0,0,1
C6033,0,2,1,0,1
C6034,1,2,0,0,7
C6035,0,4,1,0,3
C6036,0,3,0,0,1
C6037,0,5,1,0,1
C6038,0,3,0,0,8
C6039,1,3,1,1,8
C6040,0,1,0,0,2
C6041,0,4,1,1,10
C6042,0,5,1,0,6
C6043,0,4,0,0,1
C6044,1,3,1,1,2
C6045,0,2,1,1,3
C6046,0,4,0,0,1
C6047,1,2,1,1,9
C6048,0,2,1,1,2
C6049,1,5,1,0,2
C6050,1,5,1,0,5
C6051,0,3,1,1,10
C6052,0,4,0,0,7
C6053,1,2,0,0,2
C6054,0,4,1,1,2
C6055,0,3,1,0,3
C6056,1,5,1,0,4
C6057,0,3,0,0,2
C6058,1,3,1,0,1
C6059,0,3,1,1,8
C6060,1,5,1,0,4
C6061,1,2,1,0,5
C6062,0,2,0,0,2
C6063,0,4,1,0,10
C6064,1,2,1,0,2
C6065,0,2,1,0,8
C6066,1,4,1,1,1
C6067,0,5,1,1,1
C6068,1,5,1,0,3
C6069,1,5,1,1,4
C6070,0,2,0,0,5
C6071,0,2,0,0,1
C6072,1,4,1,1,7
C6073,0,3,1,1,10
C6074,0,3,1,1,4
C6075,1,3,0,0,1
C6076,1,2,1,1,7
C6077,1,4,1,1,1
C6078,0,3,1,1,1
C6079,1,3,1,1,3
C6080,1,2,0,0,3
C6081,1,2,1,0,5
C6082,0,2,0,0,2
C6083,1,3,0,0,2
C6084,0,3,1,1,3
C6085,1,4,1,1,1
C6086,1,4,0,0,1
C6087,0,2,0,0,8
C6088,1,3,1,1,1
C6089,0,4,1,1,7
C6090,1,4,1,1,1
C6091,0,2,0,0,8
C6092,1,2,1,0,5
C6093,0,2,0,0,10
C6094,1,5,1,0,5
C6095,1,3,1,1,7
C6096,1,4,1,0,3
C6097,1,3,1,1,4
C6098,0,3,0,0,6
C6099,1,6,0,0,4
C6100,1,2,1,1,1
C6101,0,4,1,0,2
C6102,1,2,0,0,5
C6103,1,2,0,0,9
C6104,1,2,1,1,2
C6105,0,2,0,0,9
C6106,1,3,1,1,4
C6107,0,2,0,0,9
C6108,1,3,1,1,2
C6109,1,6,0,0,4
C6110,1,2,0,0,8
C6111,0,2,1,1,3
C6112,1,3,1,0,2
C6113,1,3,1,0,5
C6114,1,3,0,0,5
C6115,1,4,1,0,1
C6116,0,1,0,0,9
C6117,0,2,1,1,7
C6118,1,2,0,0,3
C6119,1,6,0,0,6
C6120,0,5,1,0,9
C6121,0,4,1,1,3
C6122,1,3,1,1,5
C6123,1,5,1,1,6
C6124,0,2,1,0,2
C6125,1,4,1,1,5
C6126,1,2,1,0,5
C6127,0,2,1,1,5
C6128,0,1,0,0,2
C6129,1,3,1,1,1
C6130,1,3,1,0,6
C6131,0,4,1,1,2
C6132,1,4,1,0,6
C6133,1,4,1,1,6
C6134,0,3,0,0,5
C6135,0,3,1,0,2
C6136,0,4,1,1,3
C6137,1,3,1,1,7
C6138,1,5,0,0,2
C6139,0,4,0,0,4
C6140,1,2,1,1,9
C6141,1,3,1,1,8
C6142,0,3,1,1,2
C6143,1,2,0,0,10
C6144,0,5,1,0,1
C6145,1,5,1,1,1
C6146,1,3,1,1,2
C6147,1,4,1,0,7
C6148,0,3,0,0,9
C6149,0,5,1,1,3
C6150,0,3,0,0,6
C6151,0,5,1,0,7
C6152,1,5,1,1,1
C6153,0,2,0,0,8
C6154,1,3,1,0,2
C6155,0,3,0,0,2
C6156,0,4,0,0,6
C6157,0,3,1,0,5
C6158,1,4,1,1,3
C6159,0,5,0,0,9
C6160,0,2,1,0,1
C6161,0,2,0,0,7
C6162,0,3,0,0,8
C6163,0,5,0,0,2
C6164,0,2,0,0,9
C6165,1,4,1,1,3
C6166,1,3,1,1,3
C6167,1,3,1,0,1
C6168,1,3,0,0,5
C6169,0,6,0,0,3
C6170,1,4,1,0,7
C6171,0,4,0,0,7
C6172,1,2,1,1,10
C6173,1,2,0,0,4
C6174,0,2,0,0,3
C6175,0,5,1,0,7
C6176,0,4,1,0,5
C6177,1,4,1,1,1
C6178,0,2,1,1,10
C6179,1,2,0,0,10
C6180,1,2,1,0,5
C6181,1,3,1,1,4
C6182,0,4,1,1,2
C6183,0,5,1,1,2
C6184,0,2,1,1,3
C6185,0,3,1,1,1
C6186,0,5,1,0,2
C6187,1,3,1,1,1
C6188,1,4,1,1,10
C6189,1,4,1,0,10
C6190,1,4,1,0,4
C6191,0,2,0,0,3
C6192,0,3,0,0,1
C6193,1,4,1,1,1
C6194,1,2,1,1,4
C6195,1,5,1,1,8
C6196,0,5,0,0,7
C6197,0,3,1,0,6
C6198,0,3,1,0,8
C6199,1,2,1,0,1
C6200,0,2,0,0,1
C6201,1,3,0,0,1
C6202,1,4,1,0,4
C6203,0,4,0,0,3
C6204,0,2,0,0,9
C6205,1,3,0,0,5
C6206,0,4,1,1,6
C6207,0,3,1,1,9
C6208,1,5,1,1,5
C6209,0,3,1,1,1
C6210,0,4,1,0,8
C6211,0,2,1,0,7
C6212,1,2,1,0,7
C6213,1,4,1,1,5
C6214,0,2,1,1,10
C6215,1,5,1,0,8
C6216,0,2,0,0,4
C6217,0,4,0,0,6
C6218,1,2,1,1,7
C6219,1,6,1,0,1
C6220,0,5,1,1,4
C6221,0,5,0,0,1
C6222,1,4,1,1,1
C6223,1,2,1,0,6
C6224,1,3,0,0,4
C6225,1,3,0,0,10
C6226,1,4,1,0,8
C6227,1,3,0,0,4
C6228,1,4,1,1,2
C6229,0,4,1,1,3
C6230,0,2,1,1,3
C6231,1,2,0,0,2
C6232,0,4,1,0,9
C6233,0,2,0,0,6
C6234,1,2,1,0,1
C6235,0,4,0,0,6
C6236,1,3,1,1,1
C6237,1,3,1,0,7
C6238,0,2,1,1,3
C6239,0,2,1,1,1
C6240,0,5,1,1,3
C6241,0,3,0,0,8
C6242,0,2,1,1,7
C6243,1,5,1,1,3
C6244,0,2,0,0,1
C6245,0,3,1,0,2
C6246,1,4,1,1,10
C6247,1,3,0,0,7
C6248,1,3,1,0,3
C6249,1,4,1,0,7
C6250,0,2,0,0,9
C6251,0,2,1,0,7
C6252,1,4,1,1,3
C6253,1,4,1,0,2
C6254,0,4,1,1,2
C6255,1,2,1,1,1
C6256,1,2,1,0,2
C6257,0,3,1,1,1
C6258,0,3,0,0,7
C6259,1,4,0,0,7
C6260,1,2,1,1,2
C6261,1,5,0,0,6
C6262,0,3,1,1,6
C6263,1,3,0,0,1
C6264,0,2,0,0,1
C6265,1,3,1,0,10
C6266,0,4,0,0,5
C6267,1,3,1,0,4
C6268,0,3,1,0,2
C6269,0,5,1,0,2
C6270,1,2,0,0,5
C6271,1,2,1,1,4
C6272,0,2,1,1,3
C6273,0,2,0,0,2
C6274,1,3,1,1,9
C6275,1,4,1,1,10
C6276,0,3,1,1,2
C6277,0,4,1,0,2
C6278,1,5,1,0,10
C6279,1,5,1,1,4
C6280,1,2,0,0,1
C6281,0,3,1,0,3
C6282,1,2,1,0,4
C6283,0,2,1,1,1
C6284,1,4,1,0,1
C6285,1,5,1,0,8
C6286,1,4,1,0,1
C6287,1,2,1,1,6
C6288,0,2,1,1,3
C6289,1,5,1,0,4
C6290,0,2,0,0,6
C6291,1,4,1,1,10
C6292,1,4,1,0,6
C6293,1,3,0,1,3
C6294,1,5,1,1,8
C6295,1,5,0,0,10
C6296,1,5,1,1,5
C6297,0,3,1,1,6
C6298,0,5,1,1,2
C6299,1,4,1,1,9
C6300,1,2,1,0,4
C6301,0,2,1,1,2
C6302,0,2,1,0,1
C6303,0,5,0,0,5
C6304,1,4,1,1,1
C6305,0,3,0,0,3
C6306,1,3,0,0,4
C6307,1,2,1,1,2
C6308,0,3,0,0,1
C6309,0,2,1,1,10
C6310,1,2,0,0,1
C6311,1,2,0,0,1
C6312,0,4,1,1,9
C6313,1,5,0,0,1
C6314,0,2,1,0,2
C6315,1,2,0,0,7
C6316,1,4,0,0,8
C6317,0,5,1,0,2
C6318,0,4,0,1,5
C6319,0,1,0,0,9
C6320,0,3,0,0,7
C6321,1,2,1,0,3
C6322,0,2,1,0,6
C6323,0,4,1,0,1
C6324,1,4,1,0,7
C6325,1,3,1,1,1
C6326,0,2,1,1,3
C6327,0,3,1,0,1
C6328,1,3,0,0,4
C6329,0,5,1,0,3
C6330,1,2,0,0,5
C6331,1,5,1,0,3
C6332,1,3,1,1,1
C6333,0,3,1,0,4
C6334,1,5,1,0,6
C6335,1,3,0,0,5
C6336,1,4,0,0,5
C6337,1,4,1,1,4
C6338,1,3,0,0,9
C6339,1,4,0,0,6
C6340,1,3,1,1,2
C6341,1,2,0,0,2
C6342,0,5,0,0,1
C6343,0,3,1,0,3
C6344,1,2,0,0,5
C6345,1,3,1,0,2
C6346,0,1,0,0,4
C6347,1,4,1,0,1
C6348,0,3,0,0,7
C6349,0,6,0,0,5
C6350,1,2,0,0,10
C6351,0,5,0,0,5
C6352,1,3,1,1,7
C6353,0,2,0,0,2
C6354,0,4,0,0,5
C6355,0,3,1,0,5
C6356,1,4,0,0,1
C6357,1,3,1,1,1
C6358,0,5,0,0,1
C6359,0,6,0,0,7
C6360,0,3,1,0,1
C6361,0,3,0,0,9
C6362,1,5,1,0,1
C6363,1,5,1,1,6
C6364,0,3,1,1,2
C6365,0,5,1,0,1
C6366,0,4,1,0,2
C6367,0,3,1,1,4
C6368,1,5,1,0,1
C6369,1,6,0,0,1
C6370,1,4,1,1,1
C6371,0,3,0,1,2
C6372,1,5,1,1,2
C6373,0,5,0,0,2
C6374,0,2,1,0,5
C6375,0,4,1,1,2
C6376,0,4,1,1,4
C6377,0,5,0,0,3
C6378,1,3,0,0,3
C6379,1,2,1,0,4
C6380,0,4,1,0,2
C6381,1,2,1,1,8
C6382,1,3,0,0,1
C6383,0,2,0,0,1
C6384,1,4,0,0,5
C6385,0,2,0,0,5
C6386,0,4,1,0,7
C6387,1,3,1,1,7
C6388,1,5,0,0,1
C6389,0,3,1,1,4
C6390,0,5,1,1,3
C6391,0,4,1,1,2
C6392,0,4,1,1,7
C6393,0,2,1,1,2
C6394,1,2,0,0,6
C6395,0,5,1,0,4
C6396,0,4,0,0,1
C6397,0,3,1,0,1
C6398,0,4,1,0,2
C6399,1,4,1,1,8
C6400,0,5,1,0,4
C6401,1,3,1,1,1
C6402,1,5,1,0,5
C6403,1,1,0,0,5
C6404,0,2,0,0,1
C6405,0,3,0,0,10
C6406,1,3,1,1,3
C6407,0,5,1,0,4
C6408,1,5,1,1,1
C6409,0,6,1,0,2
C6410,1,2,1,0,2
C6411,0,2,1,1,10
C6412,1,3,1,1,2
C6413,1,2,1,0,1
C6414,1,2,0,0,2
C6415,0,3,0,0,2
C6416,1,5,1,1,1
C6417,1,5,1,1,4
C6418,0,2,0,0,1
C6419,0,6,0,0,9
C6420,1,2,0,0,1
C6421,0,4,1,0,2
C6422,0,4,1,0,5
C6423,0,4,1,1,3
C6424,1,5,0,0,3
C6425,1,5,1,0,2
C6426,0,3,1,1,8
C6427,0,3,0,0,1
C6428,0,4,1,0,1
C6429,1,4,0,1,4
C6430,0,4,0,0,7
C6431,1,2,1,0,2
C6432,1,4,1,0,3
C6433,1,5,1,0,3
C6434,0,4,1,1,3
C6435,0,2,0,0,3
C6436,1,4,1,1,8
C6437,1,3,1,0,1
C6438,1,3,1,0,7
C6439,0,3,0,0,4
C6440,0,4,1,0,2
C6441,1,4,1,1,2
C6442,1,5,0,0,3
C6443,1,2,1,0,3
C6444,0,4,0,0,1
C6445,0,2,0,0,6
C6446,1,4,0,0,6
C6447,1,5,1,0,9
C6448,0,5,1,0,1
C6449,0,6,0,0,3
C6450,0,4,1,1,3
C6451,1,5,1,1,1
C6452,1,4,1,1,3
C6453,1,2,1,0,2
C6454,1,3,0,0,5
C6455,1,3,1,0,6
C6456,1,5,0,0,8
C6457,1,3,1,1,7
C6458,0,5,1,0,3
C6459,1,5,1,1,2
C6460,1,5,1,1,8
C6461,0,3,1,1,4
C6462,0,4,0,0,2
C6463,0,4,1,1,1
C6464,0,4,1,1,1
C6465,0,5,1,1,2
C6466,1,5,1,0,5
C6467,0,3,0,0,5
C6468,0,3,1,0,6
C6469,0,3,1,1,7
C6470,1,2,1,0,4
C6471,1,2,1,0,8
C6472,0,5,0,0,5
C6473,0,2,1,0,2
C6474,0,3,1,1,2
C6475,1,4,0,0,2
C6476,0,5,1,0,1
C6477,0,2,0,0,1
C6478,0,2,1,1,4
C6479,1,4,1,1,4
C6480,1,2,1,1,4
C6481,0,4,1,1,5
C6482,0,3,1,1,5
C6483,1,2,0,0,1
C6484,1,2,1,0,2
C6485,0,3,1,1,8
C6486,0,4,0,0,2
C6487,0,2,1,1,5
C6488,0,2,0,0,4
C6489,0,6,0,0,10
C6490,1,2,0,0,5
C6491,0,4,0,0,2
C6492,0,2,0,0,10
C6493,1,2,0,0,2
C6494,1,3,1,1,10
C6495,0,4,1,0,6
C6496,1,4,0,0,7
C6497,0,3,0,0,5
C6498,0,5,1,0,4
C6499,1,2,1,1,6
C6500,0,2,0,0,10
C6501,1,2,0,0,1
C6502,0,2,0,0,10
C6503,0,4,1,1,3
C6504,1,2,1,0,5
C6505,0,4,1,0,7
C6506,0,4,1,0,2
C6507,1,5,0,0,2
C6508,1,2,1,0,2
C6509,0,4,1,0,1
C6510,1,2,1,0,2
C6511,0,2,1,0,6
C6512,1,4,1,1,10
C6513,0,2,0,0,1
C6514,0,2,1,0,2
C6515,1,4,1,0,3
C6516,1,4,1,0,5
C6517,1,3,1,0,2
C6518,1,4,1,1,2
C6519,1,5,1,1,7
C6520,0,5,1,0,3
C6521,1,4,1,1,7
C6522,1,2,0,0,1
C6523,0,2,0,0,8
C6524,1,2,0,0,1
C6525,0,5,1,0,1
C6526,0,5,1,1,3
C6527,1,5,0,0,1
C6528,0,3,0,0,1
C6529,1,6,0,0,1
C6530,1,4,0,1,8
C6531,0,2,0,0,2
C6532,1,2,1,1,3
C6533,1,3,0,0,9
C6534,1,5,1,1,10
C6535,1,3,0,0,7
C6536,1,4,1,1,1
C6537,1,3,1,0,1
C6538,1,3,1,0,8
C6539,0,3,1,1,1
C6540,0,2,1,0,1
C6541,0,3,1,1,8
C6542,0,2,1,0,3
C6543,0,2,0,0,5
C6544,0,3,1,1,3
C6545,0,5,1,0,6
C6546,0,4,1,1,5
C6547,0,5,0,0,1
C6548,0,4,1,1,3
C6549,0,3,1,0,4
C6550,1,4,0,0,5
C6551,1,4,1,1,3
C6552,1,3,0,0,9
C6553,0,4,1,0,3
C6554,1,3,1,1,8
C6555,1,5,0,0,8
C6556,0,3,1,0,1
C6557,1,2,0,0,4
C6558,0,4,1,0,5
C6559,0,6,1,0,3
C6560,0,2,0,0,4
C6561,1,3,1,1,2
C6562,0,2,0,0,1
C6563,1,3,0,0,5
C6564,0,4,1,1,9
C6565,1,2,0,0,1
C6566,0,2,0,0,7
C6567,1,4,1,1,2
C6568,0,4,0,0,9
C6569,1,6,1,0,8
C6570,1,5,1,1,3
C6571,0,4,1,1,7
C6572,1,4,1,0,3
C6573,0,3,0,0,4
C6574,0,4,1,1,1
C6575,0,2,0,0,6
C6576,1,4,1,1,2
C6577,1,2,1,1,9
C6578,1,2,1,1,6
C6579,1,6,1,0,2
C6580,1,2,0,0,5
C6581,1,5,1,0,2
C6582,1,2,0,0,2
C6583,0,2,0,0,3
C6584,0,2,0,0,6
C6585,1,3,1,0,2
C6586,0,5,1,1,10
C6587,0,5,1,1,4
C6588,1,3,1,0,3
C6589,0,6,0,0,9
C6590,1,2,1,1,5
C6591,0,4,1,1,3
C6592,1,3,1,1,2
C6593,0,2,0,0,3
C6594,0,2,0,0,4
C6595,0,4,1,1,4
C6596,1,4,1,1,3
C6597,1,2,1,0,2
C6598,0,3,1,0,1
C6599,0,2,0,0,2
C6600,0,2,1,0,7
C6601,1,4,1,1,3
C6602,1,2,0,0,7
C6603,0,2,0,0,10
C6604,1,2,1,1,1
C6605,1,2,0,0,1
C6606,0,4,1,0,3
C6607,0,3,0,0,4
C6608,0,3,0,0,10
C6609,0,1,0,0,9
C6610,0,2,1,1,7
C6611,0,5,1,0,6
C6612,0,2,1,1,7
C6613,0,3,0,0,6
C6614,1,3,1,1,1
C6615,0,3,0,0,1
C6616,0,4,1,1,3
C6617,0,3,1,0,7
C6618,1,3,0,0,2
C6619,1,2,1,1,10
C6620,1,2,0,0,2
C6621,1,2,1,0,3
C6622,1,2,1,0,3
C6623,1,2,0,0,1
C6624,1,1,0,0,1
C6625,1,4,1,1,4
C6626,1,4,1,0,1
C6627,1,4,1,1,8
C6628,0,4,1,0,1
C6629,0,5,1,0,4
C6630,0,3,1,1,1
C6631,0,2,1,0,1
C6632,1,2,1,0,2
C6633,0,4,1,1,8
C6634,0,4,1,1,6
C6635,1,4,1,1,7
C6636,0,5,1,0,4
C6637,0,3,0,0,5
C6638,1,4,1,1,5
C6639,0,2,0,0,2
C6640,1,2,0,0,10
C6641,0,4,1,1,10
C6642,0,2,1,1,1
C6643,1,4,1,1,2
C6644,0,4,1,1,3
C6645,1,5,1,1,2
C6646,0,1,0,0,7
C6647,0,3,0,0,2
C6648,1,4,1,1,8
C6649,1,3,1,0,8
C6650,1,3,1,1,5
C6651,1,4,1,1,4
C6652,1,2,0,0,1
C6653,0,2,1,1,6
C6654,1,4,1,0,4
C6655,1,2,1,1,5
C6656,0,5,1,0,6
C6657,1,5,1,1,6
C6658,1,5,1,0,1
C6659,1,4,1,0,4
C6660,1,2,1,0,2
C6661,0,2,1,0,1
C6662,0,2,0,0,8
C6663,1,2,1,0,2
C6664,1,2,0,0,6
C6665,1,4,1,1,8
C6666,1,4,1,0,8
C6667,0,3,1,1,1
C6668,0,4,1,0,7
C6669,0,6,0,0,2
C6670,0,3,0,0,8
C6671,0,5,0,0,6
C6672,0,2,0,0,2
C6673,0,2,0,0,6
C6674,0,5,0,0,3
C6675,1,3,1,1,9
C6676,1,4,0,0,1
C6677,0,2,1,0,3
C6678,0,2,0,0,6
C6679,1,5,1,0,2
C6680,0,2,0,0,1
C6681,1,3,1,1,3
C6682,1,2,0,0,9
C6683,1,2,1,1,9
C6684,1,5,1,1,1
C6685,0,3,1,0,2
C6686,0,4,0,0,6
C6687,0,5,1,0,4
C6688,0,3,0,0,8
C6689,0,2,0,0,4
C6690,0,2,0,0,3
C6691,0,4,1,1,4
C6692,1,2,1,1,2
C6693,1,3,0,0,3
C6694,0,2,0,0,3
C6695,1,2,1,1,6
C6696,0,5,1,1,3
C6697,1,3,1,0,3
C6698,1,3,1,0,7
C6699,0,2,0,0,3
C6700,1,2,1,0,1
C6701,1,4,1,0,6
C6702,0,5,0,0,1
C6703,0,4,1,0,1
C6704,1,4,1,1,1
C6705,1,3,0,1,2
C6706,1,4,1,0,9
C6707,1,3,1,0,10
C6708,1,4,0,0,5
C6709,1,2,1,0,6
C6710,0,2,0,0,1
C6711,0,5,1,0,8
C6712,1,2,0,0,2
C6713,0,5,0,0,4
C6714,1,4,1,1,3
C6715,1,5,1,1,2
C6716,0,2,0,0,5
C6717,1,3,0,0,2
C6718,1,5,1,0,8
C6719,1,5,1,0,9
C6720,1,2,1,0,2
C6721,1,5,1,0,7
C6722,0,5,1,0,8
C6723,0,4,1,0,5
C6724,1,5,1,0,1
C6725,0,3,0,0,9
C6726,1,3,1,1,3
C6727,1,3,0,0,5
C6728,1,4,1,1,1
C6729,1,4,1,1,1
C6730,1,2,0,0,9
C6731,0,4,1,0,6
C6732,1,5,1,0,9
C6733,1,4,1,1,6
C6734,0,2,1,0,2
C6735,0,4,1,0,1
C6736,0,4,1,0,6
C6737,0,3,0,0,4
C6738,1,3,1,0,5
C6739,1,6,1,0,8
C6740,0,2,0,0,2
C6741,1,2,0,0,5
C6742,1,3,1,1,6
C6743,0,2,1,0,6
C6744,0,3,1,1,6
C6745,0,3,1,0,3
C6746,0,5,1,0,7
C6747,0,3,1,1,3
C6748,1,5,0,0,3
C6749,1,5,1,0,4
C6750,0,4,1,1,3
C6751,1,4,1,1,4
C6752,0,4,1,0,1
C6753,0,2,0,0,1
C6754,1,4,1,0,3
C6755,1,3,1,0,2
C6756,0,4,1,1,10
C6757,0,3,0,0,5
C6758,0,2,1,1,2
C6759,1,5,1,0,8
C6760,0,5,1,0,2
C6761,0,5,1,1,2
C6762,1,5,1,0,10
C6763,0,2,1,0,1
C6764,1,2,0,0,3
C6765,0,3,1,0,2
C6766,1,3,1,1,1
C6767,0,3,0,0,5
C6768,0,3,1,1,8
C6769,0,5,1,0,1
C6770,1,3,1,1,7
C6771,0,2,1,0,3
C6772,1,2,1,1,5
C6773,0,4,1,1,3
C6774,0,2,0,0,1
C6775,1,2,0,0,5
C6776,0,4,0,0,10
C6777,0,2,1,1,2
C6778,1,5,1,0,4
C6779,0,5,1,0,6
C6780,1,3,1,1,1
C6781,1,4,1,1,7
C6782,1,2,1,0,2
C6783,0,4,1,1,7
C6784,0,3,1,0,7
C6785,1,3,0,0,4
C6786,1,4,0,0,9
C6787,1,2,1,0,5
C6788,1,2,0,0,6
C6789,1,3,1,1,2
C6790,0,2,0,0,3
C6791,0,3,1,1,3
C6792,0,2,1,0,7
C6793,0,3,0,0,6
C6794,0,3,1,1,3
C6795,1,5,1,0,3
C6796,0,4,1,1,2
C6797,0,4,0,0,1
C6798,1,3,1,1,3
C6799,0,6,1,0,5
C6800,1,3,1,0,5
C6801,1,4,0,0,2
C6802,1,2,0,0,4
C6803,0,5,0,0,9
C6804,1,5,1,1,1
C6805,1,5,1,1,5
C6806,0,4,0,0,1
C6807,1,5,1,0,3
C6808,1,3,1,0,1
C6809,1,5,1,1,1
C6810,0,3,1,1,5
C6811,0,2,0,0,5
C6812,0,4,1,0,2
C6813,0,5,1,0,7
C6814,0,4,1,1,1
C6815,0,3,1,1,6
C6816,1,4,0,0,2
C6817,1,2,1,0,5
C6818,1,3,1,1,2
C6819,1,3,0,0,2
C6820,0,2,1,0,5
C6821,1,2,0,0,6
C6822,0,2,0,0,2
C6823,1,3,1,1,3
C6824,0,3,1,1,2
C6825,0,4,1,1,3
C6826,0,2,0,0,2
C6827,0,3,0,0,1
C6828,1,4,1,0,5
C6829,0,4,1,1,4
C6830,0,5,1,0,3
C6831,0,2,0,0,1
C6832,1,2,1,0,10
C6833,0,4,1,0,7
C6834,0,2,0,0,4
C6835,1,5,1,0,5
C6836,0,3,1,0,10
C6837,0,4,1,1,1
C6838,1,3,0,0,2
C6839,0,3,1,1,1
C6840,0,4,1,1,2
C6841,1,3,0,0,3
C6842,1,3,1,1,1
C6843,1,5,1,0,6
C6844,0,5,0,0,10
C6845,0,3,1,0,3
C6846,1,4,1,0,5
C6847,0,3,1,0,4
C6848,1,3,0,0,10
C6849,0,6,0,0,1
C6850,1,5,1,0,10
C6851,0,4,1,1,1
C6852,1,4,0,0,3
C6853,0,5,1,1,7
C6854,0,3,1,0,6
C6855,0,2,1,1,4
C6856,1,4,1,0,4
C6857,1,3,1,1,2
C6858,1,5,1,0,10
C6859,1,4,0,1,4
C6860,0,2,1,0,6
C6861,0,5,0,0,1
C6862,0,2,0,0,2
C6863,1,3,0,0,5
C6864,1,2,1,0,1
C6865,1,3,1,0,3
C6866,1,3,0,0,5
C6867,0,4,1,1,3
C6868,1,5,1,0,1
C6869,0,3,1,1,3
C6870,1,2,0,0,9
C6871,0,5,1,1,2
C6872,0,2,0,0,7
C6873,1,2,0,0,3
C6874,0,5,1,0,3
C6875,1,2,1,1,5
C6876,0,3,1,1,1
C6877,1,5,0,0,1
C6878,1,4,1,1,2
C6879,1,5,1,1,4
C6880,1,2,0,0,5
C6881,1,3,1,0,8
C6882,0,2,0,0,1
C6883,1,5,1,0,2
C6884,1,4,1,1,3
C6885,1,3,0,0,7
C6886,0,3,0,0,1
C6887,1,3,0,0,8
C6888,0,3,1,0,1
C6889,0,6,1,0,4
C6890,0,2,0,0,2
C6891,0,5,0,0,2
C6892,1,2,1,0,10
C6893,0,2,0,0,10
C6894,1,2,1,0,2
C6895,1,3,1,0,5
C6896,1,4,0,0,7
C6897,0,4,0,0,2
C6898,0,4,0,0,1
C6899,0,3,1,1,2
C6900,1,4,1,0,1
C6901,0,2,0,0,2
C6902,0,2,1,0,8
C6903,0,3,1,1,3
C6904,1,2,0,0,9
C6905,1,5,1,1,6
C6906,0,5,1,0,9
C6907,0,3,1,0,5
C6908,1,4,0,0,6
C6909,1,2,1,0,4
C6910,0,5,1,1,1
C6911,0,3,0,0,2
C6912,1,4,1,1,1
C6913,0,5,1,1,2
C6914,1,5,1,0,1
C6915,1,3,1,1,1
C6916,1,4,1,0,3
C6917,1,3,1,0,2
C6918,0,3,1,0,2
C6919,1,4,1,0,3
C6920,1,3,1,1,8
C6921,0,4,1,1,7
C6922,0,3,0,0,8
C6923,1,4,1,0,7
C6924,1,2,0,0,6
C6925,0,5,1,0,3
C6926,1,4,0,0,9
C6927,1,3,1,0,6
C6928,1,4,1,1,9
C6929,1,5,1,0,4
C6930,1,5,1,0,1
C6931,1,4,1,1,9
C6932,1,3,1,0,3
C6933,0,3,0,1,6
C6934,0,5,1,0,6
C6935,0,3,1,1,6
C6936,1,2,1,1,10
C6937,0,2,1,1,4
C6938,0,3,0,0,1
C6939,0,4,1,1,4
C6940,1,5,1,1,7
C6941,0,2,0,0,1
C6942,1,3,0,0,5
C6943,1,4,1,1,4
C6944,1,2,0,0,9
C6945,0,3,1,1,5
C6946,0,5,1,1,7
C6947,0,3,0,0,3
C6948,0,2,0,0,10
C6949,1,2,0,0,3
C6950,0,4,1,0,5
C6951,0,3,0,0,10
C6952,0,4,1,1,1
C6953,1,4,1,0,4
C6954,0,5,1,0,1
C6955,1,2,1,0,3
C6956,1,4,0,0,2
C6957,1,3,1,0,7
C6958,0,2,1,0,4
C6959,0,3,0,0,8
C6960,0,5,1,0,7
C6961,0,2,1,1,1
C6962,1,2,0,0,5
C6963,0,2,0,0,2
C6964,0,2,1,0,3
C6965,1,3,1,0,6
C6966,0,5,0,0,9
C6967,0,2,1,1,6
C6968,1,2,0,0,4
C6969,0,6,1,0,5
C6970,1,2,0,0,1
C6971,0,3,0,0,1
C6972,1,2,0,0,5
C6973,0,2,1,0,7
C6974,1,3,1,1,6
C6975,1,2,0,0,6
C6976,0,3,1,0,1
C6977,0,2,1,1,2
C6978,1,3,0,0,8
C6979,1,4,1,1,1
C6980,0,4,1,1,9
C6981,0,3,1,1,6
C6982,1,3,1,0,4
C6983,0,2,1,0,1
C6984,1,3,1,1,3
C6985,1,3,1,1,7
C6986,1,4,1,0,9
C6987,1,3,1,0,3
C6988,1,4,1,1,2
C6989,1,5,1,1,10
C6990,1,3,0,0,4
C6991,0,3,1,1,1
C6992,1,4,1,1,5
C6993,0,5,1,1,7
C6994,1,3,0,0,10
C6995,1,5,0,0,3
C6996,1,4,1,1,6
C6997,0,4,0,0,2
C6998,1,5,1,0,6
C6999,0,6,0,0,3
C7000,1,5,1,0,4
C7001,1,3,1,1,8
C7002,0,3,0,0,6
C7003,1,5,1,1,6
C7004,0,3,1,1,1
C7005,1,5,0,0,8
C7006,1,5,1,0,5
C7007,0,3,0,0,1
C7008,0,3,1,0,1
C7009,0,3,1,0,4
C7010,1,2,0,0,1
C7011,0,4,0,0,3
C7012,0,2,1,0,7
C7013,1,2,1,0,2
C7014,0,4,1,0,3
C7015,1,1,0,0,1
C7016,0,4,0,0,5
C7017,1,3,0,0,4
C7018,0,2,1,0,1
C7019,0,3,1,0,5
C7020,0,2,1,0,2
C7021,0,5,1,1,3
C7022,0,2,1,0,6
C7023,0,5,1,1,3
C7024,1,2,1,0,8
C7025,1,4,1,1,2
C7026,1,4,0,0,9
C7027,1,5,1,0,9
C7028,1,2,0,0,1
C7029,0,5,1,0,7
C7030,1,2,0,0,7
C7031,0,2,1,0,3
C7032,0,4,1,1,9
C7033,0,3,0,0,1
C7034,1,5,0,0,3
C7035,1,3,0,0,7
C7036,0,4,0,0,4
C7037,1,4,1,0,2
C7038,1,3,1,0,4
C7039,1,6,0,0,5
C7040,0,4,1,1,6
C7041,0,1,0,0,1
C7042,1,4,1,0,4
C7043,0,5,1,1,6
C7044,1,3,0,0,2
C7045,0,3,1,0,2
C7046,0,3,0,0,1
C7047,0,4,1,1,7
C7048,0,2,1,1,7
C7049,0,4,1,1,6
C7050,0,2,0,0,6
C7051,1,5,1,0,2
C7052,0,3,0,0,3
C7053,0,2,0,0,9
C7054,1,2,0,0,5
C7055,0,3,0,0,7
C7056,0,2,0,0,1
C7057,0,3,0,0,6
C7058,1,4,1,1,7
C7059,1,5,1,1,1
C7060,0,3,1,0,2
C7061,0,2,0,0,4
C7062,1,4,1,0,1
C7063,0,3,0,0,6
C7064,1,2,1,0,2
C7065,0,4,1,0,6
C7066,1,2,1,1,5
C7067,0,3,0,0,2
C7068,1,3,1,1,8
C7069,1,4,1,1,3
C7070,1,5,1,0,5
C7071,0,3,1,0,6
C7072,0,2,0,0,1
C7073,0,2,1,0,3
C7074,1,2,0,0,9
C7075,0,4,1,1,5
C7076,0,2,0,0,4
C7077,1,3,1,1,4
C7078,0,4,1,1,6
C7079,1,4,1,1,6
C7080,0,3,0,0,1
C7081,0,5,1,0,7
C7082,0,2,0,0,5
C7083,1,3,1,1,2
C7084,0,2,1,0,4
C7085,1,2,0,0,1
C7086,0,5,1,0,4
C7087,0,4,1,0,1
C7088,1,4,1,1,4
C7089,0,5,1,0,3
C7090,1,4,0,0,9
C7091,1,3,1,1,1
C7092,0,2,0,0,4
C7093,0,4,1,1,3
C7094,0,5,1,1,1
C7095,0,3,0,0,2
C7096,1,4,1,0,2
C7097,1,3,1,0,7
C7098,0,5,0,0,1
C7099,0,5,1,0,2
C7100,0,4,1,0,1
C7101,1,5,0,0,2
C7102,1,3,1,1,3
C7103,1,2,1,1,2
C7104,1,3,1,1,10
C7105,0,3,1,0,2
C7106,1,3,1,0,1
C7107,1,3,0,0,2
C7108,0,2,0,0,1
C7109,1,6,0,0,2
C7110,1,2,1,0,8
C7111,1,2,1,0,1
C7112,0,4,0,0,2
C7113,1,2,1,0,2
C7114,0,2,0,0,5
C7115,1,3,1,0,1
C7116,1,3,1,1,9
C7117,0,2,0,0,1
C7118,1,4,1,1,8
C7119,1,5,1,0,3
C7120,0,3,0,0,3
C7121,1,2,1,0,3
C7122,0,2,0,0,5
C7123,1,2,0,0,3
C7124,1,2,0,0,3
C7125,1,2,0,0,1
C7126,0,2,1,1,4
C7127,1,3,0,0,5
C7128,1,4,1,0,6
C7129,0,2,0,0,1
C7130,0,4,1,1,4
C7131,1,2,1,0,6
C7132,0,4,1,1,6
C7133,1,3,0,0,9
C7134,1,2,1,1,2
C7135,0,3,1,0,5
C7136,1,4,0,0,9
C7137,0,3,1,0,10
C7138,1,4,1,1,2
C7139,0,5,1,0,6
C7140,0,2,1,0,2
C7141,0,3,1,1,3
C7142,0,2,1,0,8
C7143,0,3,0,0,2
C7144,1,2,0,0,9
C7145,1,2,0,0,5
C7146,1,2,1,0,8
C7147,0,2,0,0,3
C7148,1,5,1,1,2
C7149,0,2,1,0,1
C7150,0,2,1,0,3
C7151,1,5,1,0,6
C7152,1,3,1,1,2
C7153,1,2,0,0,9
C7154,0,1,0,0,4
C7155,1,3,1,0,2
C7156,1,4,0,0,2
C7157,0,3,1,0,3
C7158,1,2,0,0,6
C7159,1,2,1,1,8
C7160,0,2,0,0,4
C7161,0,2,0,0,2
C7162,0,2,1,1,8
C7163,1,4,1,1,4
C7164,0,4,1,1,10
C7165,1,5,0,0,1
C7166,0,3,1,1,5
C7167,0,5,1,0,2
C7168,0,1,0,0,1
C7169,1,3,1,0,9
C7170,1,2,0,0,5
C7171,1,2,1,0,1
C7172,1,1,0,0,8
C7173,0,2,0,0,1
C7174,1,5,1,0,2
C7175,0,5,1,0,9
C7176,0,4,0,0,8
C7177,1,5,1,1,3
C7178,1,5,0,0,2
C7179,0,4,1,1,2
C7180,0,2,0,0,6
C7181,1,3,1,1,10
C7182,1,3,1,1,2
C7183,0,5,1,1,8
C7184,0,1,0,0,3
C7185,1,4,1,1,1
C7186,1,3,0,0,1
C7187,0,4,1,0,2
C7188,1,5,0,0,1
C7189,0,6,0,0,9
C7190,1,3,1,1,2
C7191,1,2,1,0,5
C7192,1,2,1,0,2
C7193,0,4,0,0,2
C7194,0,4,1,1,2
C7195,0,4,1,1,3
C7196,0,3,1,0,9
C7197,0,3,1,0,1
C7198,0,3,1,1,6
C7199,0,5,1,0,5
C7200,0,3,1,0,1
C7201,1,3,1,1,4
C7202,0,4,1,1,4
C7203,1,2,1,1,2
C7204,1,3,1,1,5
C7205,0,5,1,0,4
C7206,0,5,1,1,6
C7207,1,3,0,0,1
C7208,0,3,0,0,9
C7209,1,2,1,1,1
C7210,0,5,0,0,5
C7211,0,2,0,0,10
C7212,0,3,1,0,6
C7213,1,2,0,0,10
C7214,1,3,1,1,3
C7215,1,4,1,1,2
C7216,0,4,1,0,10
C7217,0,3,0,0,1
C7218,0,2,0,0,2
C7219,1,4,1,1,9
C7220,1,3,1,1,5
C7221,1,2,0,0,8
C7222,1,2,1,0,2
C7223,1,5,1,0,9
C7224,1,3,1,0,8
C7225,1,2,0,0,7
C7226,1,2,1,1,6
C7227,1,3,1,0,4
C7228,1,3,1,1,4
C7229,1,6,0,0,10
C7230,0,5,0,0,9
C7231,1,4,1,1,8
C7232,0,2,0,0,6
C7233,1,2,0,0,1
C7234,0,3,1,0,4
C7235,0,3,0,0,2
C7236,1,4,1,0,8
C7237,1,3,1,0,5
C7238,1,3,0,0,8
C7239,0,6,0,0,2
C7240,1,3,0,0,4
C7241,0,2,1,0,2
C7242,1,4,1,1,6
C7243,0,4,1,1,3
C7244,1,3,1,1,7
C7245,0,3,1,0,3
C7246,0,4,1,0,6
C7247,0,3,1,0,9
C7248,1,2,1,0,3
C7249,1,5,1,0,5
C7250,0,4,1,0,5
C7251,1,4,1,1,9
C7252,1,4,1,1,3
C7253,1,3,1,1,2
C7254,1,3,0,0,5
C7255,1,5,1,0,8
C7256,0,4,1,0,8
C7257,1,4,1,1,1
C7258,1,3,0,0,1
C7259,1,3,1,1,2
C7260,0,5,1,0,1
C7261,0,1,0,0,3
C7262,1,2,0,0,2
C7263,1,3,1,1,8
C7264,1,4,0,0,3
C7265,1,3,1,0,3
C7266,1,3,1,1,5
C7267,0,3,0,0,2
C7268,0,3,1,0,2
C7269,1,5,1,0,1
C7270,1,3,0,0,1
C7271,0,2,0,0,7
C7272,1,3,1,1,2
C7273,1,4,1,1,3
C7274,1,4,1,0,3
C7275,0,3,1,1,4
C7276,1,4,1,1,3
C7277,0,3,1,1,1
C7278,0,3,1,1,1
C7279,0,2,0,0,10
C7280,1,3,0,0,1
C7281,1,2,0,0,8
C7282,1,5,0,0,4
C7283,0,5,1,0,8
C7284,1,3,1,1,8
C7285,1,4,1,1,6
C7286,0,4,1,0,2
C7287,1,5,1,1,7
C7288,0,3,0,0,6
C7289,1,4,1,1,6
C7290,1,2,1,0,4
C7291,0,1,0,0,1
C7292,1,3,1,0,5
C7293,1,2,1,1,7
C7294,0,2,0,0,2
C7295,1,3,0,0,8
C7296,0,2,0,0,4
C7297,1,3,1,0,1
C7298,1,3,1,0,8
C7299,0,6,0,0,1
C7300,1,3,1,1,8
C7301,1,4,1,1,4
C7302,0,2,0,0,3
C7303,0,2,1,0,3
C7304,1,3,1,1,9
C7305,1,3,1,1,6
C7306,0,5,1,0,4
C7307,1,4,1,1,4
C7308,0,5,0,0,4
C7309,1,6,1,0,5
C7310,0,4,1,1,2
C7311,0,3,1,0,2
C7312,1,4,1,1,1
C7313,1,4,1,1,3
C7314,1,2,1,0,9
C7315,1,3,1,0,5
C7316,1,3,1,1,2
C7317,0,3,0,0,10
C7318,0,4,1,1,1
C7319,0,6,1,0,3
C7320,1,5,1,0,2
C7321,0,3,1,1,5
C7322,0,2,0,0,5
C7323,0,2,0,0,6
C7324,0,4,0,0,7
C7325,0,2,0,0,2
C7326,1,5,1,1,1
C7327,1,3,0,0,4
C7328,0,3,0,0,4
C7329,0,2,0,0,4
C7330,1,4,1,1,8
C7331,1,2,1,1,4
C7332,1,3,0,0,1
C7333,0,2,0,0,1
C7334,0,2,0,0,5
C7335,1,2,1,1,5
C7336,0,3,0,0,2
C7337,1,3,1,1,1
C7338,1,2,0,0,10
C7339,0,2,0,0,8
C7340,1,2,1,0,1
C7341,0,2,0,0,6
C7342,0,2,0,0,10
C7343,1,2,1,0,4
C7344,0,4,1,1,2
C7345,1,4,1,1,6
C7346,1,4,1,0,3
C7347,0,1,0,0,6
C7348,0,4,0,0,7
C7349,1,3,1,1,2
C7350,1,2,0,0,4
C7351,0,4,1,1,2
C7352,1,2,1,0,4
C7353,0,4,1,1,5
C7354,1,4,1,1,6
C7355,0,3,1,1,3
C7356,0,4,1,0,8
C7357,1,3,0,0,2
C7358,1,5,1,0,4
C7359,1,5,1,1,8
C7360,0,2,1,0,1
C7361,1,3,1,1,1
C7362,1,2,0,0,8
C7363,1,5,1,0,9
C7364,1,3,1,0,3
C7365,1,5,1,0,3
C7366,0,4,1,0,5
C7367,0,4,0,0,2
C7368,1,2,0,0,7
C7369,1,4,1,0,2
C7370,1,3,1,0,2
C7371,1,4,1,0,7
C7372,1,5,1,1,1
C7373,1,2,1,1,3
C7374,1,3,0,0,1
C7375,1,4,1,0,6
C7376,0,4,0,0,5
C7377,1,3,1,0,3
C7378,0,3,1,0,3
C7379,1,2,0,0,8
C7380,0,5,1,0,1
C7381,1,2,0,0,1
C7382,0,4,1,1,3
C7383,1,5,1,0,1
C7384,1,3,0,0,5
C7385,1,5,1,1,9
C7386,1,2,0,0,1
C7387,1,5,1,0,5
C7388,0,3,1,0,8
C7389,1,6,1,0,4
C7390,1,2,0,0,5
C7391,1,2,1,1,5
C7392,1,2,1,0,9
C7393,0,2,1,0,6
C7394,0,5,1,1,3
C7395,1,5,1,0,1
C7396,1,4,1,0,5
C7397,1,3,1,1,1
C7398,1,4,0,0,7
C7399,1,4,1,1,1
C7400,0,4,1,0,1
C7401,0,2,1,0,1
C7402,0,2,1,0,2
C7403,0,4,0,0,7
C7404,1,5,1,0,1
C7405,1,5,0,0,1
C7406,1,3,1,1,1
C7407,0,3,1,0,8
C7408,1,5,1,1,6
C7409,0,3,0,0,4
C7410,1,3,0,0,1
C7411,0,2,0,0,6
C7412,1,4,1,0,7
C7413,1,5,1,1,3
C7414,0,3,0,0,6
C7415,0,3,0,0,1
C7416,0,2,1,1,1
C7417,0,3,0,0,4
C7418,1,5,1,0,1
C7419,0,6,0,0,6
C7420,1,2,1,0,6
C7421,1,1,0,0,4
C7422,0,2,0,0,4
C7423,1,2,0,0,2
C7424,0,2,0,0,1
C7425,1,4,1,0,5
C7426,1,5,0,0,4
C7427,1,3,0,0,5
C7428,1,3,1,1,2
C7429,0,3,1,1,10
C7430,1,2,0,0,4
C7431,1,3,1,1,7
C7432,1,2,0,0,9
C7433,0,2,0,0,4
C7434,0,2,1,0,9
C7435,0,3,0,0,1
C7436,0,5,1,0,10
C7437,1,3,0,0,9
C7438,1,2,1,1,5
C7439,1,4,1,1,6
C7440,0,2,1,0,2
C7441,0,3,1,1,7
C7442,0,3,1,1,2
C7443,0,2,0,0,6
C7444,1,5,1,1,6
C7445,1,3,0,0,2
C7446,1,2,0,0,6
C7447,1,3,0,0,2
C7448,0,5,1,0,1
C7449,1,6,0,0,2
C7450,0,2,0,0,6
C7451,1,5,1,0,2
C7452,1,5,1,1,4
C7453,1,2,0,0,2
C7454,0,2,0,0,6
C7455,0,3,1,0,6
C7456,0,4,0,0,9
C7457,1,3,0,0,5
C7458,0,3,0,0,8
C7459,1,5,1,0,1
C7460,1,2,0,0,9
C7461,0,4,1,1,7
C7462,0,2,0,0,3
C7463,0,4,1,1,2
C7464,1,3,1,1,1
C7465,0,5,0,0,10
C7466,0,5,1,0,1
C7467,1,5,1,1,5
C7468,0,3,0,0,9
C7469,1,4,0,0,5
C7470,1,4,1,1,2
C7471,1,5,1,1,8
C7472,0,2,1,1,10
C7473,1,3,1,1,5
C7474,0,2,1,0,7
C7475,0,3,0,0,3
C7476,0,3,0,0,8
C7477,1,4,1,0,3
C7478,1,3,1,0,2
C7479,1,6,1,0,6
C7480,1,4,1,0,2
C7481,0,2,0,0,2
C7482,1,4,1,1,3
C7483,1,3,1,1,10
C7484,0,2,1,0,4
C7485,0,3,0,0,1
C7486,0,2,1,1,1
C7487,0,3,0,0,9
C7488,0,3,1,0,2
C7489,1,1,0,0,10
C7490,1,3,1,1,8
C7491,1,3,0,0,1
C7492,0,5,1,1,5
C7493,1,3,1,1,4
C7494,0,5,1,0,4
C7495,0,3,0,0,3
C7496,0,4,1,0,9
C7497,0,5,1,1,6
C7498,1,2,1,1,2
C7499,0,2,0,0,8
C7500,0,4,0,0,9
C7501,1,2,0,0,5
C7502,1,3,1,0,10
C7503,1,4,1,0,6
C7504,0,3,1,0,2
C7505,0,3,0,0,4
C7506,0,2,1,1,5
C7507,0,5,1,1,4
C7508,0,3,1,0,3
C7509,1,2,1,0,8
C7510,1,2,0,0,4
C7511,0,2,0,0,5
C7512,1,2,0,0,1
C7513,1,4,0,0,5
C7514,0,5,1,0,1
C7515,1,2,0,0,1
C7516,1,4,1,0,1
C7517,0,4,1,1,1
C7518,0,4,1,1,6
C7519,1,3,0,0,2
C7520,1,3,1,0,5
C7521,0,3,1,1,2
C7522,0,2,0,0,8
C7523,0,2,0,0,9
C7524,1,2,0,0,5
C7525,1,2,0,0,1
C7526,0,3,1,1,9
C7527,0,2,0,0,5
C7528,0,3,1,0,2
C7529,1,6,0,0,3
C7530,0,4,1,0,3
C7531,1,5,1,1,3
C7532,1,3,1,1,3
C7533,0,5,1,0,2
C7534,0,5,1,0,2
C7535,1,2,0,0,9
C7536,1,3,0,0,2
C7537,1,5,1,0,1
C7538,0,2,0,0,1
C7539,1,2,1,0,7
C7540,1,4,1,1,2
C7541,0,2,0,0,10
C7542,0,3,1,1,8
C7543,1,5,1,0,2
C7544,1,2,1,0,4
C7545,0,4,1,1,5
C7546,1,5,1,0,8
C7547,0,4,1,1,10
C7548,0,2,1,1,2
C7549,0,6,0,0,9
C7550,1,2,0,0,3
C7551,1,3,1,1,10
C7552,0,5,0,0,1
C7553,0,4,0,0,8
C7554,1,2,0,0,2
C7555,1,3,1,1,9
C7556,0,4,0,0,10
C7557,0,4,1,1,6
C7558,0,5,1,0,1
C7559,1,3,0,0,9
C7560,1,4,1,1,3
C7561,1,2,1,0,1
C7562,0,2,0,0,9
C7563,1,4,0,0,1
C7564,0,2,1,0,2
C7565,1,3,1,0,1
C7566,0,4,1,0,1
C7567,1,4,1,0,8
C7568,1,3,0,0,3
C7569,1,6,0,0,5
C7570,0,5,0,0,1
C7571,0,5,1,0,9
C7572,0,2,0,0,1
C7573,0,3,0,0,10
C7574,0,2,1,1,10
C7575,1,4,1,1,5
C7576,1,3,1,1,6
C7577,0,3,0,0,6
C7578,1,1,0,0,4
C7579,1,6,1,0,4
C7580,1,2,1,1,2
C7581,0,2,0,0,3
C7582,1,4,1,1,2
C7583,1,4,1,1,8
C7584,0,2,1,0,5
C7585,1,2,1,1,3
C7586,1,3,1,0,6
C7587,1,3,1,1,6
C7588,0,3,1,0,8
C7589,0,4,1,1,1
C7590,0,5,1,0,1
C7591,1,4,1,0,3
C7592,1,4,1,1,1
C7593,1,3,1,0,6
C7594,1,2,0,0,5
C7595,1,4,1,1,3
C7596,0,3,1,0,6
C7597,1,2,1,0,2
C7598,1,2,1,1,4
C7599,1,4,1,0,7
C7600,1,3,1,1,8
C7601,0,2,1,1,1
C7602,0,2,0,0,1
C7603,0,3,1,1,5
C7604,1,1,0,0,2
C7605,1,3,1,0,9
C7606,1,1,0,0,10
C7607,0,2,1,1,4
C7608,0,4,1,1,9
C7609,1,5,1,1,2
C7610,0,4,0,0,9
C7611,0,3,0,0,1
C7612,0,4,1,1,6
C7613,1,2,0,0,2
C7614,0,4,1,1,2
C7615,0,2,1,1,3
C7616,1,4,1,0,1
C7617,1,2,1,1,6
C7618,1,2,0,0,1
C7619,0,2,0,0,1
C7620,0,2,0,0,1
C7621,1,3,1,0,4
C7622,0,5,1,0,7
C7623,0,2,0,0,7
C7624,1,4,1,0,7
C7625,0,2,1,1,6
C7626,0,4,1,0,1
C7627,1,2,1,1,1
C7628,0,5,0,0,1
C7629,0,2,1,0,3
C7630,1,3,0,0,1
C7631,0,2,1,1,3
C7632,0,3,1,0,2
C7633,1,3,1,1,3
C7634,1,2,1,0,7
C7635,0,4,1,1,1
C7636,0,4,0,0,5
C7637,0,2,1,1,4
C7638,1,4,0,0,8
C7639,1,5,1,0,5
C7640,0,2,0,0,3
C7641,1,4,0,0,2
C7642,0,2,1,0,1
C7643,0,2,1,1,4
C7644,0,3,1,1,9
C7645,1,5,1,0,4
C7646,0,4,1,1,7
C7647,0,3,0,0,4
C7648,1,4,0,0,5
C7649,1,5,1,0,5
C7650,0,2,0,0,4
C7651,1,2,0,0,7
C7652,0,2,0,0,3
C7653,1,4,1,0,5
C7654,0,2,1,0,3
C7655,1,3,0,0,8
C7656,1,4,0,0,6
C7657,1,3,0,0,3
C7658,1,3,0,0,7
C7659,1,6,0,0,5
C7660,0,2,0,0,1
C7661,0,2,1,0,2
C7662,1,2,1,0,5
C7663,0,3,1,1,2
C7664,0,3,1,1,2
C7665,1,4,1,1,8
C7666,0,4,1,0,4
C7667,1,3,0,0,5
C7668,0,4,1,0,8
C7669,1,2,1,0,2
C7670,0,4,1,1,2
C7671,1,4,1,1,10
C7672,0,3,0,0,10
C7673,1,2,1,0,4
C7674,0,4,1,0,4
C7675,1,3,0,0,10
C7676,1,2,0,0,4
C7677,0,2,1,1,4
C7678,1,5,1,0,6
C7679,0,6,0,0,7
C7680,0,5,1,0,2
C7681,1,4,0,0,4
C7682,1,2,1,1,4
C7683,1,4,1,1,4
C7684,1,2,1,1,2
C7685,1,4,0,1,6
C7686,0,2,0,0,2
C7687,1,2,1,1,3
C7688,1,4,1,1,1
C7689,0,4,1,1,1
C7690,1,3,1,1,6
C7691,1,5,1,1,2
C7692,0,2,1,0,7
C7693,1,5,0,0,5
C7694,1,2,1,0,3
C7695,1,3,1,0,6
C7696,1,4,1,0,3
C7697,0,2,0,0,1
C7698,0,2,0,0,5
C7699,0,2,0,0,2
C7700,0,4,1,1,2
C7701,0,2,0,0,2
C7702,1,5,0,0,7
C7703,1,4,1,0,2
C7704,0,5,1,0,10
C7705,0,3,0,0,7
C7706,1,5,1,0,1
C7707,0,2,1,1,3
C7708,0,4,0,0,1
C7709,1,2,0,0,1
C7710,1,2,0,0,10
C7711,1,3,1,1,6
C7712,1,3,1,1,1
C7713,1,3,1,1,4
C7714,1,4,1,1,3
C7715,1,2,0,0,1
C7716,1,2,1,0,6
C7717,0,3,0,0,3
C7718,0,3,0,0,10
C7719,1,4,1,0,10
C7720,0,2,1,0,6
C7721,0,2,1,0,3
C7722,0,2,0,0,7
C7723,1,2,0,0,10
C7724,0,2,0,0,2
C7725,0,3,0,0,10
C7726,0,2,1,1,2
C7727,0,4,1,1,1
C7728,1,3,0,0,4
C7729,1,6,1,0,2
C7730,1,4,1,1,9
C7731,1,5,1,0,4
C7732,0,3,1,0,1
C7733,1,2,1,0,8
C7734,0,2,0,0,4
C7735,0,5,1,0,3
C7736,1,4,1,0,2
C7737,1,3,1,0,5
C7738,1,3,0,0,2
C7739,1,5,1,0,9
C7740,1,4,1,1,8
C7741,0,2,1,0,8
C7742,1,3,0,0,4
C7743,1,2,1,0,1
C7744,1,2,0,0,1
C7745,1,4,1,1,7
C7746,0,4,1,1,8
C7747,1,3,0,0,5
C7748,1,5,1,1,9
C7749,0,6,0,0,2
C7750,0,3,1,0,6
C7751,0,3,1,1,1
C7752,0,2,1,1,1
C7753,0,3,1,1,2
C7754,0,2,0,0,1
C7755,1,5,0,0,5
C7756,1,4,1,1,1
C7757,1,4,0,0,1
C7758,0,2,1,1,6
C7759,0,6,0,0,1
C7760,1,5,0,0,4
C7761,1,5,0,0,4
C7762,0,5,0,0,2
C7763,1,2,0,0,4
C7764,1,2,1,1,2
C7765,0,3,0,0,1
C7766,0,4,0,0,10
C7767,0,3,1,0,3
C7768,1,5,1,1,3
C7769,0,3,0,0,2
C7770,1,4,1,1,8
C7771,0,4,1,0,8
C7772,1,5,1,1,2
C7773,0,4,1,1,2
C7774,1,5,1,0,1
C7775,0,3,1,0,3
C7776,1,3,1,1,5
C7777,0,4,1,0,5
C7778,1,5,1,0,1
C7779,1,4,1,1,1
C7780,1,2,1,1,2
C7781,0,5,1,0,6
C7782,0,3,1,0,1
C7783,0,4,1,1,9
C7784,1,2,0,0,6
C7785,0,4,1,1,1
C7786,0,5,1,1,5
C7787,0,3,1,0,1
C7788,1,3,0,0,9
C7789,1,3,1,1,4
C7790,0,2,0,0,4
C7791,1,5,1,0,8
C7792,1,5,1,0,4
C7793,1,5,1,1,1
C7794,1,3,1,1,1
C7795,1,3,0,0,5
C7796,0,3,0,0,2
C7797,1,4,1,0,1
C7798,1,4,1,1,6
C7799,0,6,0,0,4
C7800,1,4,0,0,3
C7801,0,3,1,1,2
C7802,0,3,1,1,3
C7803,0,2,1,0,2
C7804,1,5,0,0,1
C7805,0,2,0,0,1
C7806,1,3,1,0,9
C7807,0,5,1,0,2
C7808,1,3,1,0,8
C7809,1,3,0,0,4
C7810,1,4,1,1,2
C7811,1,2,1,0,7
C7812,1,5,1,1,8
C7813,1,3,1,0,1
C7814,1,2,0,0,5
C7815,0,4,1,0,9
C7816,1,4,1,0,2
C7817,1,3,0,0,5
C7818,0,3,1,1,4
C7819,1,6,1,0,4
C7820,0,4,0,0,3
C7821,1,2,0,0,4
C7822,0,2,0,0,2
C7823,0,4,1,0,2
C7824,0,2,1,0,1
C7825,1,3,0,0,7
C7826,0,4,1,1,1
C7827,1,3,0,0,4
C7828,1,3,0,0,9
C7829,1,5,1,0,5
C7830,1,2,1,0,3
C7831,0,2,1,1,7
C7832,1,2,1,1,1
C7833,0,2,0,0,5
C7834,0,4,1,1,4
C7835,0,4,1,1,8
C7836,1,5,1,1,2
C7837,1,2,1,1,5
C7838,1,4,1,1,2
C7839,0,5,1,0,8
C7840,0,5,1,1,1
C7841,0,3,0,0,1
C7842,1,5,1,1,4
C7843,0,3,1,1,7
C7844,0,5,1,1,2
C7845,0,2,0,0,1
C7846,0,4,1,0,2
C7847,0,4,1,1,9
C7848,1,4,1,0,4
C7849,0,2,0,0,9
C7850,1,2,0,0,2
C7851,0,1,0,0,9
C7852,0,4,1,1,1
C7853,1,2,1,0,2
C7854,0,4,1,1,10
C7855,0,5,0,0,1
C7856,0,4,1,0,1
C7857,0,2,1,1,6
C7858,1,4,1,1,5
C7859,1,4,1,1,1
C7860,1,2,0,0,7
C7861,0,5,0,0,5
C7862,1,1,0,0,5
C7863,1,2,1,0,4
C7864,0,2,1,0,6
C7865,1,3,1,0,6
C7866,1,4,0,0,2
C7867,0,3,1,0,8
C7868,1,3,1,0,6
C7869,1,6,1,0,6
C7870,1,3,1,0,1
C7871,0,2,1,0,2
C7872,1,3,0,0,5
C7873,0,2,1,0,1
C7874,1,2,1,0,9
C7875,1,3,0,0,2
C7876,1,2,1,0,8
C7877,1,4,1,0,9
C7878,1,5,0,0,4
C7879,0,3,0,0,1
C7880,0,5,1,1,7
C7881,0,2,0,0,5
C7882,0,4,1,0,8
C7883,0,2,0,0,6
C7884,0,2,0,0,7
C7885,0,5,0,0,3
C7886,0,3,1,1,2
C7887,1,2,1,1,8
C7888,0,3,0,0,3
C7889,1,6,1,0,7
C7890,1,4,1,1,1
C7891,1,3,1,1,10
C7892,0,3,1,1,10
C7893,1,2,0,0,2
C7894,1,2,1,1,7
C7895,1,3,1,0,6
C7896,0,3,1,1,7
C7897,1,5,1,0,9
C7898,0,4,1,0,1
C7899,0,2,1,1,5
C7900,1,3,1,1,2
C7901,1,5,1,0,1
C7902,0,3,1,0,1
C7903,0,2,0,0,7
C7904,1,1,0,0,3
C7905,1,2,1,1,10
C7906,1,5,1,0,1
C7907,1,2,0,0,1
C7908,0,4,1,0,1
C7909,0,4,1,0,10
C7910,1,4,1,1,7
C7911,1,3,0,0,1
C7912,0,2,0,0,5
C7913,0,1,0,0,3
C7914,1,4,1,1,4
C7915,1,2,1,1,9
C7916,0,4,0,0,5
C7917,1,2,1,1,2
C7918,0,3,1,0,4
C7919,0,6,0,0,2
C7920,0,3,0,0,2
C7921,1,2,1,0,2
C7922,1,1,0,0,4
C7923,1,2,1,1,5
C7924,1,3,1,1,1
C7925,0,5,1,1,3
C7926,1,5,0,0,1
C7927,0,3,0,0,6
C7928,0,3,1,0,8
C7929,0,2,0,0,2
C7930,0,2,0,0,2
C7931,0,3,1,1,5
C7932,1,2,1,0,3
C7933,1,2,1,0,10
C7934,0,5,0,0,1
C7935,0,4,1,1,1
C7936,1,3,1,1,5
C7937,0,4,1,1,1
C7938,0,5,0,0,3
C7939,0,6,0,0,1
C7940,0,3,1,1,1
C7941,1,2,1,1,3
C7942,1,4,1,1,8
C7943,0,2,1,0,3
C7944,1,2,0,0,5
C7945,0,2,0,0,1
C7946,0,2,1,1,4
C7947,1,3,0,0,8
C7948,1,3,0,0,7
C7949,1,4,1,1,1
C7950,1,4,1,0,2
C7951,0,3,1,1,2
C7952,0,2,0,0,9
C7953,1,2,1,0,8
C7954,1,2,0,0,6
C7955,0,2,1,1,7
C7956,0,4,1,0,4
C7957,1,4,1,0,6
C7958,0,3,0,0,2
C7959,1,4,1,1,1
C7960,0,2,1,0,8
C7961,1,2,1,0,1
C7962,1,4,1,1,2
C7963,1,3,0,0,2
C7964,1,2,0,0,9
C7965,1,5,1,1,5
C7966,0,5,1,1,2
C7967,0,2,0,0,1
C7968,1,3,0,0,6
C7969,1,5,0,0,6
C7970,0,2,1,0,2
C7971,1,2,1,1,6
C7972,0,2,0,0,4
C7973,0,5,0,0,10
C7974,1,3,0,0,5
C7975,0,4,1,1,3
C7976,0,4,0,0,1
C7977,0,3,1,1,5
C7978,1,3,0,0,9
C7979,1,3,1,1,2
C7980,0,2,0,0,4
C7981,0,2,1,1,3
C7982,0,3,0,0,4
C7983,0,5,1,1,2
C7984,1,3,1,1,4
C7985,0,3,1,0,2
C7986,1,5,1,0,9
C7987,1,3,0,1,1
C7988,1,3,1,0,4
C7989,1,6,0,0,2
C7990,1,3,0,0,5
C7991,1,2,0,0,3
C7992,1,3,1,1,7
C7993,1,2,1,1,5
C7994,0,2,0,0,2
C7995,1,3,1,0,6
C7996,0,4,1,0,1
C7997,0,2,1,1,7
C7998,1,5,1,0,5
C7999,1,4,1,1,3
C8000,0,4,1,1,9
C8001,0,2,0,0,9
C8002,0,4,1,1,2
C8003,1,2,0,0,2
C8004,1,3,1,1,1
C8005,0,3,0,0,1
C8006,0,2,0,0,8
C8007,0,3,1,1,6
C8008,1,4,1,1,3
C8009,0,3,1,1,1
C8010,1,2,0,0,1
C8011,1,2,1,0,9
C8012,0,2,1,0,4
C8013,1,4,1,0,1
C8014,1,3,1,1,3
C8015,0,3,1,0,7
C8016,1,3,1,0,9
C8017,0,5,1,1,10
C8018,1,4,1,1,3
C8019,0,4,1,1,6
C8020,0,5,1,1,5
C8021,0,5,0,0,3
C8022,0,3,1,1,2
C8023,1,3,1,0,1
C8024,0,4,1,1,1
C8025,0,3,0,0,5
C8026,1,4,1,0,7
C8027,1,3,1,0,1
C8028,1,5,1,0,6
C8029,0,6,0,0,5
C8030,0,2,0,0,1
C8031,1,2,0,0,8
C8032,0,4,0,0,5
C8033,1,3,1,1,3
C8034,0,5,0,0,6
C8035,1,3,1,0,4
C8036,0,4,0,0,3
C8037,0,3,1,1,1
C8038,0,2,0,0,5
C8039,1,2,0,0,1
C8040,1,2,1,1,1
C8041,1,3,1,0,2
C8042,1,4,0,0,2
C8043,1,2,1,1,4
C8044,0,2,1,0,3
C8045,1,3,1,0,7
C8046,1,2,1,1,8
C8047,1,4,1,1,7
C8048,0,4,1,1,7
C8049,1,2,1,0,4
C8050,1,2,0,0,3
C8051,0,4,1,0,7
C8052,0,2,0,0,5
C8053,1,4,0,0,6
C8054,1,3,0,0,1
C8055,0,4,1,0,2
C8056,1,4,0,0,4
C8057,1,2,0,0,9
C8058,1,4,1,1,9
C8059,0,2,0,0,2
C8060,0,4,1,1,4
C8061,1,4,1,1,3
C8062,0,5,1,1,10
C8063,0,2,0,0,6
C8064,1,5,1,0,5
C8065,1,5,1,0,4
C8066,0,3,1,1,2
C8067,0,2,1,1,1
C8068,1,4,1,1,10
C8069,0,3,1,1,1
C8070,1,2,0,0,8
C8071,0,2,0,0,2
C8072,0,2,0,0,9
C8073,1,5,1,0,3
C8074,0,5,0,0,4
C8075,1,4,1,1,5
C8076,1,4,1,1,2
C8077,1,3,0,0,5
C8078,1,3,1,1,4
C8079,1,3,1,1,2
C8080,0,2,1,0,5
C8081,0,4,1,1,3
C8082,0,2,1,1,2
C8083,1,4,1,1,1
C8084,0,2,1,0,1
C8085,1,3,0,0,3
C8086,0,4,1,0,2
C8087,1,2,1,1,4
C8088,0,3,0,0,1
C8089,0,4,0,0,4
C8090,1,2,0,0,1
C8091,0,2,1,1,2
C8092,1,2,1,0,4
C8093,1,2,1,0,1
C8094,1,4,1,1,6
C8095,1,5,1,0,6
C8096,1,5,1,0,1
C8097,0,5,1,0,2
C8098,0,5,1,1,7
C8099,0,6,1,0,7
C8100,1,4,0,0,1
C8101,1,2,1,1,3
C8102,0,2,0,0,6
C8103,0,4,0,0,9
C8104,1,4,1,1,8
C8105,1,3,1,1,1
C8106,1,4,1,0,9
C8107,0,4,1,0,5
C8108,0,3,0,0,2
C8109,0,4,1,1,4
C8110,0,2,0,0,8
C8111,0,2,1,0,8
C8112,1,4,1,1,1
C8113,1,4,0,1,1
C8114,1,5,1,0,2
C8115,0,3,1,1,10
C8116,1,4,1,0,2
C8117,0,2,1,1,8
C8118,1,2,1,1,7
C8119,0,3,0,0,4
C8120,0,3,0,0,8
C8121,1,2,0,0,1
C8122,0,3,0,0,2
C8123,0,5,1,1,4
C8124,1,4,1,1,7
C8125,0,5,1,0,2
C8126,0,4,0,0,10
C8127,0,4,1,1,3
C8128,0,5,1,1,3
C8129,0,6,1,0,3
C8130,1,2,1,0,3
C8131,0,5,1,0,4
C8132,0,4,1,0,1
C8133,0,3,1,1,8
C8134,1,2,1,0,1
C8135,1,3,1,1,8
C8136,0,3,1,0,6
C8137,0,4,1,1,1
C8138,1,5,1,1,5
C8139,1,3,1,0,6
C8140,0,2,0,0,4
C8141,0,2,1,1,9
C8142,1,4,1,0,6
C8143,0,3,1,1,2
C8144,0,2,0,0,10
C8145,0,2,1,1,10
C8146,0,2,1,0,1
C8147,0,3,1,1,2
C8148,0,5,1,0,5
C8149,1,2,0,0,9
C8150,1,5,1,1,1
C8151,0,5,0,0,9
C8152,1,2,0,0,8
C8153,0,3,1,0,2
C8154,0,2,0,0,1
C8155,0,3,0,0,1
C8156,0,5,1,0,2
C8157,0,2,0,0,5
C8158,1,3,0,0,10
C8159,1,3,0,0,1
C8160,0,2,1,0,8
C8161,0,5,1,1,2
C8162,1,5,0,0,9
C8163,1,5,1,0,5
C8164,1,5,1,1,1
C8165,1,4,1,1,9
C8166,0,5,0,0,6
C8167,1,3,0,0,6
C8168,0,3,1,0,6
C8169,1,4,1,0,4
C8170,0,3,0,0,2
C8171,1,2,1,0,1
C8172,1,2,0,0,9
C8173,1,4,1,1,2
C8174,0,2,0,0,4
C8175,0,3,0,0,1
C8176,1,5,1,0,3
C8177,1,4,1,0,6
C8178,1,3,1,1,1
C8179,1,5,1,0,3
C8180,0,2,0,0,4
C8181,1,4,1,0,2
C8182,1,5,1,0,1
C8183,1,4,1,0,2
C8184,1,2,1,0,1
C8185,1,3,0,0,5
C8186,1,4,1,0,3
C8187,0,3,0,0,4
C8188,1,1,0,0,2
C8189,1,4,0,0,5
C8190,0,3,1,1,8
C8191,1,4,1,1,2
C8192,1,3,1,1,1
C8193,1,2,1,0,3
C8194,1,5,0,0,3
C8195,0,4,1,1,6
C8196,0,3,1,0,2
C8197,0,2,0,0,5
C8198,1,2,1,1,2
C8199,1,2,1,1,6
C8200,1,3,1,1,7
C8201,1,2,0,0,2
C8202,0,4,1,1,4
C8203,1,2,0,0,2
C8204,1,4,1,1,4
C8205,1,3,0,0,5
C8206,1,5,1,0,7
C8207,0,3,0,0,6
C8208,1,2,1,1,1
C8209,0,1,0,0,6
C8210,0,5,1,0,1
C8211,1,2,0,0,5
C8212,0,5,1,0,4
C8213,0,2,1,0,3
C8214,1,4,1,0,8
C8215,0,5,0,0,1
C8216,0,5,1,0,2
C8217,1,3,1,0,7
C8218,1,3,0,0,5
C8219,0,6,0,0,9
C8220,1,5,1,1,3
C8221,0,4,1,1,9
C8222,1,3,1,0,5
C8223,0,2,1,0,3
C8224,0,2,0,0,9
C8225,1,4,1,0,10
C8226,0,4,1,0,2
C8227,0,3,1,0,2
C8228,0,4,1,0,1
C8229,1,4,1,0,1
C8230,1,2,0,0,9
C8231,1,5,0,0,1
C8232,0,5,1,0,8
C8233,0,4,1,0,3
C8234,1,3,1,1,6
C8235,0,3,1,0,1
C8236,0,2,0,0,7
C8237,0,3,0,0,7
C8238,0,3,1,1,3
C8239,1,4,1,1,9
C8240,0,3,1,1,1
C8241,0,5,0,0,1
C8242,0,4,0,0,5
C8243,0,5,1,1,2
C8244,0,4,1,0,2
C8245,0,1,0,0,2
C8246,1,4,1,0,5
C8247,1,3,1,0,1
C8248,1,5,1,1,3
C8249,0,2,0,0,10
C8250,0,5,1,0,2
C8251,0,2,0,0,3
C8252,0,3,0,0,2
C8253,1,5,0,0,9
C8254,1,3,1,1,1
C8255,1,3,1,0,4
C8256,0,2,1,0,2
C8257,1,3,0,0,2
C8258,1,5,0,0,5
C8259,0,6,1,0,2
C8260,1,4,0,0,10
C8261,1,3,0,0,7
C8262,0,5,1,0,1
C8263,1,2,1,1,7
C8264,1,2,1,1,2
C8265,0,5,1,1,4
C8266,1,5,0,0,5
C8267,1,3,0,0,6
C8268,0,3,1,1,5
C8269,0,3,0,0,2
C8270,1,4,0,0,4
C8271,1,2,1,1,6
C8272,1,4,1,1,5
C8273,1,4,1,0,6
C8274,1,2,1,0,4
C8275,1,5,0,0,1
C8276,1,3,0,1,3
C8277,0,3,0,0,1
